user_id,name,email,region,gender,age,signup_channel,signup_date,device_count
1,Allison Hill,christopher86@gmail.com,Asia,Female,45,Referral,2024-11-17,1
2,Noah Rhodes,cwood@gmail.com,South America,Other,22,Mobile,2025-07-22,2
3,Angie Henderson,omarshall@yahoo.com,North America,Male,30,Referral,2025-07-12,4
4,Daniel Wagner,karencontreras@barnett.biz,Asia,Male,34,Referral,2025-06-27,3
5,Cristian Santos,randallloretta@sheppard-mcdaniel.info,Asia,Male,57,Referral,2025-05-20,3
6,Connie Lawrence,zevans@johnson.org,South America,Male,49,Referral,2023-10-10,3
7,Abigail Shaffer,averyshane@stanton.com,North America,Male,46,Web,2023-10-01,4
8,Gina Moore,rmiller@harris-carson.com,North America,Male,20,Mobile,2025-04-10,5
9,Gabrielle Davis,renee11@yahoo.com,Asia,Male,57,Referral,2025-05-05,5
10,Ryan Munoz,melissa87@gmail.com,Europe,Female,51,Web,2023-10-13,2
11,Monica Herrera,perryeddie@hotmail.com,Asia,Other,57,Web,2023-10-02,5
12,Jamie Arnold,hartcraig@dillon-beard.biz,Asia,Male,44,Web,2024-12-10,5
13,Lisa Hensley,kpena@hotmail.com,Asia,Female,30,Referral,2023-08-06,3
14,Michele Williams,jacksonrichard@hotmail.com,Asia,Female,50,Referral,2024-11-14,3
15,Dylan Miller,fosternatasha@hotmail.com,South America,Other,23,Mobile,2025-07-18,2
16,Brian Ramirez,reesesamantha@smith-roth.com,North America,Male,41,Referral,2024-06-08,1
17,Holly Wood,megan13@gmail.com,South America,Other,36,Referral,2023-10-13,2
18,Derek Zuniga,uschroeder@yahoo.com,South America,Male,33,Web,2024-08-13,2
19,Lisa Jackson,lopezjason@yahoo.com,South America,Female,57,Mobile,2025-02-26,4
20,Carla Gray,lori82@gmail.com,Asia,Female,45,Referral,2025-02-27,4
21,Margaret Hawkins DDS,htaylor@hotmail.com,Europe,Female,50,Referral,2024-11-20,2
22,Patty Perez,jameswhitaker@wright.com,North America,Female,58,Web,2025-07-14,2
23,Ethan Adams,joshuacolon@hotmail.com,Europe,Other,30,Web,2024-09-20,2
24,Tommy Walter,maldonadojohn@yahoo.com,South America,Male,42,Referral,2023-10-10,5
25,Matthew Foster,susanwells@hotmail.com,South America,Male,59,Mobile,2024-11-28,4
26,Judy Baker,frank41@yahoo.com,Europe,Other,53,Mobile,2024-07-03,2
27,Justin Baker,kwilliams@vincent.com,Europe,Male,44,Web,2024-08-18,3
28,Stephanie Ross,denise80@smith.org,Europe,Female,55,Web,2024-10-18,3
29,Zachary Hicks,johnnytrujillo@marquez-fletcher.com,South America,Male,24,Referral,2025-04-10,5
30,Anthony Rodriguez,dyork@yahoo.com,South America,Female,22,Web,2023-08-19,5
31,Rebecca Henderson,hturner@sanders.com,North America,Other,48,Referral,2024-12-24,1
32,James Ferrell,gabrielle71@yahoo.com,North America,Male,40,Mobile,2024-03-06,1
33,Tricia Valencia,michelle44@gmail.com,South America,Other,59,Mobile,2025-05-16,1
34,Nathan Maldonado,racheltrujillo@powell.com,Europe,Male,27,Referral,2024-06-15,5
35,Debra Davidson,jordan66@yahoo.com,Europe,Female,49,Web,2024-01-05,5
36,Jeffrey Chavez,matthewreeves@nichols.com,North America,Other,47,Mobile,2024-01-14,5
37,Sherri Baker,marywalter@gmail.com,South America,Male,56,Web,2025-03-19,3
38,Cassandra Gaines,ruizjoyce@hotmail.com,North America,Female,48,Mobile,2024-07-12,5
39,Elizabeth Fowler,destiny35@garner.biz,North America,Other,35,Referral,2024-09-25,3
40,Brittany Farmer,jorge47@gmail.com,Asia,Other,53,Referral,2024-05-15,1
41,Paula Moreno,delacruzbrandy@hotmail.com,Asia,Male,19,Referral,2023-10-21,1
42,Fred Smith,gpreston@dillon.net,Asia,Male,31,Mobile,2023-12-23,1
43,Sherry Decker,jbrown@gmail.com,Europe,Male,30,Web,2025-05-20,2
44,Anthony Humphrey,robert97@stewart.com,South America,Female,46,Web,2024-07-23,2
45,Angelica Tucker,lcook@walters-smith.com,South America,Male,29,Web,2023-10-29,4
46,Philip Cannon,barbaramoore@anderson.biz,South America,Other,56,Mobile,2024-04-22,4
47,John Pierce,ysanford@gmail.com,South America,Other,19,Mobile,2025-04-01,4
48,Shane Henderson,jessicadodson@sherman-schmidt.com,Asia,Male,49,Mobile,2025-07-03,2
49,Joshua Blair,jeremywiley@anderson-reyes.org,Europe,Male,30,Mobile,2024-07-19,2
50,Eric Carney,cameronwilliams@yahoo.com,Europe,Other,44,Mobile,2024-06-09,4
51,Jessica Holmes,ryan25@yahoo.com,Asia,Female,58,Web,2025-06-29,4
52,Danny Morgan,frederickmeadows@yahoo.com,Europe,Male,34,Mobile,2025-04-22,5
53,Crystal Robinson,jeffreymercer@gross.net,Asia,Male,57,Mobile,2024-12-06,4
54,Mark Perez,richardsondebra@brooks.com,South America,Other,48,Web,2025-01-21,5
55,Shannon Jones,stanleydesiree@williams.biz,Asia,Male,51,Mobile,2025-03-25,3
56,Michael Lewis,qmartinez@yahoo.com,South America,Female,41,Web,2025-02-19,2
57,Timothy Duncan,heathermccoy@fisher-garcia.net,South America,Other,52,Web,2024-05-27,4
58,Richard Aguirre,robertroach@hotmail.com,North America,Male,23,Referral,2023-07-30,2
59,Brent Jordan,daniel17@lynch.net,Asia,Other,36,Referral,2025-07-23,2
60,John Daniel,jade42@kelley.info,North America,Male,47,Referral,2024-05-10,2
61,Victoria Garcia,aaronpowers@gmail.com,Asia,Male,24,Referral,2025-03-23,3
62,Gerald Hensley,stacychan@gmail.com,Asia,Male,27,Mobile,2024-01-14,1
63,Connor West,dawn74@marshall-garcia.com,North America,Female,58,Referral,2024-08-22,4
64,Donald Wright,michael56@wilson.com,North America,Female,49,Web,2024-03-01,1
65,Jessica Callahan,markkline@adams.com,Asia,Other,51,Mobile,2024-02-17,1
66,Amber Kidd,moralessuzanne@houston-vaughn.info,Europe,Male,45,Referral,2025-06-07,1
67,Tracy House,danielhorton@gmail.com,South America,Male,32,Web,2024-12-17,2
68,Carol Tucker,perrybrittany@gregory.com,North America,Female,47,Mobile,2024-02-15,5
69,James Brown,timothyfreeman@alexander-brown.com,South America,Male,54,Mobile,2024-03-19,2
70,William Baker,tiffanysantiago@stone-watts.org,Europe,Female,46,Referral,2025-05-06,2
71,Jordan Henderson,pstanley@reed-rhodes.biz,Europe,Male,39,Mobile,2025-06-25,1
72,Whitney Peters,smithsarah@allison.com,Europe,Other,21,Web,2025-04-02,2
73,Brittney Phillips,john40@hotmail.com,North America,Male,37,Mobile,2025-06-30,1
74,Lauren Daniels,ppowell@stevens.info,Europe,Male,49,Web,2024-06-11,5
75,Amy Silva,hwest@mcgee-smith.biz,North America,Female,53,Mobile,2024-12-28,4
76,Sarah Moore,hawkinsaaron@gmail.com,Europe,Male,21,Referral,2024-01-28,1
77,Angela Lopez,diamondbryant@yahoo.com,South America,Male,44,Web,2023-07-28,5
78,Megan Young,velasquezmegan@yahoo.com,South America,Female,34,Mobile,2025-06-23,4
79,Steve Sanchez,jennifer11@hotmail.com,Asia,Other,29,Mobile,2025-06-30,3
80,Lisa Barnes,petersonmaria@kelley-brooks.com,South America,Other,39,Mobile,2024-06-10,1
81,Kelly Donovan,travisunderwood@griffith.com,Asia,Female,34,Web,2023-08-19,1
82,Mike Allen,ylewis@love.biz,South America,Female,27,Web,2023-08-06,3
83,Michael Evans,bartonshannon@lawrence.com,North America,Female,18,Web,2023-08-14,3
84,Paul Jones,eroberson@norman.com,South America,Female,39,Referral,2023-11-21,1
85,Zachary Ferrell,hughescaroline@gordon-cruz.org,Asia,Female,43,Referral,2025-03-30,3
86,Daniel Baker,raymond54@ballard-taylor.org,Asia,Other,35,Web,2024-05-10,2
87,Shirley Suarez,jennifer83@gmail.com,Europe,Other,31,Mobile,2025-05-08,4
88,Christopher Bass,glenda22@daniels.com,North America,Female,46,Referral,2025-04-19,4
89,Lisa Archer,icraig@yahoo.com,South America,Male,29,Web,2024-08-31,4
90,Aimee Montoya,millsanthony@gmail.com,Europe,Female,53,Mobile,2025-04-21,2
91,Matthew Mcmillan,gonzalezkaren@terrell.com,South America,Male,52,Referral,2025-02-19,3
92,Brian Rodriguez,vaughnkenneth@johnson.net,South America,Female,29,Mobile,2024-11-01,5
93,Denise Jacobs,yyoung@roberts.biz,Europe,Female,24,Mobile,2024-03-27,3
94,Christina Walters,tammy00@hotmail.com,Europe,Other,46,Mobile,2024-04-10,1
95,John Whitehead,christinenorman@yahoo.com,Europe,Male,28,Mobile,2023-12-04,4
96,Anna Henderson,kari89@parsons.com,Europe,Male,50,Referral,2024-10-11,3
97,Aaron Wise,tonyajones@gmail.com,Europe,Other,23,Referral,2024-06-23,5
98,Deborah Figueroa,rwilliams@baker.com,South America,Other,32,Referral,2024-01-28,1
99,Jessica Smith,jmckinney@gmail.com,Europe,Other,49,Web,2024-09-28,2
100,Stephen Mckee,candice94@tyler-pierce.com,North America,Other,28,Referral,2024-05-23,2
101,Sandra Aguilar,susanmeyer@hotmail.com,Asia,Male,40,Mobile,2023-12-21,5
102,Cameron Parker,zdaniels@bailey.com,Europe,Male,43,Referral,2024-11-14,1
103,Rebecca Valencia,kelly98@yahoo.com,Europe,Female,51,Mobile,2024-12-06,4
104,Christine Wright,caldwellsean@austin.com,South America,Female,51,Web,2024-05-25,3
105,Richard Henson,cruzamber@yahoo.com,Europe,Other,46,Mobile,2025-04-28,1
106,Marc Moore,willie87@williams-villanueva.com,Europe,Other,21,Mobile,2023-09-03,2
107,Sharon Cherry,vaughangary@hotmail.com,Europe,Other,34,Mobile,2025-04-07,5
108,Sierra Johnson,clarkcrystal@hancock.com,South America,Female,52,Web,2025-07-17,5
109,Evelyn Galvan,elucas@parks.com,Europe,Female,30,Referral,2024-10-15,3
110,Sharon Cochran,brownlaura@jones.biz,Asia,Female,58,Referral,2024-06-22,5
111,Richard Rodriguez,bmccoy@yahoo.com,South America,Female,56,Web,2023-11-02,5
112,Shannon Walker,inunez@may.com,Asia,Female,32,Mobile,2025-07-23,1
113,Julia Torres,howardwesley@buchanan-turner.com,South America,Female,46,Referral,2024-11-30,4
114,Crystal Johnson,qjames@gmail.com,Europe,Female,46,Web,2024-05-23,3
115,Garrett Lin,amandataylor@yahoo.com,Asia,Other,28,Referral,2025-02-09,1
116,Diana May,kennetheaton@hotmail.com,South America,Other,49,Web,2023-12-06,4
117,William Herrera,spencerangela@gmail.com,North America,Other,19,Mobile,2024-06-02,1
118,Ashley Waller,armstrongphillip@arroyo.com,Europe,Other,31,Referral,2025-06-26,1
119,Victor Baker,gwhitehead@martin.org,South America,Female,37,Web,2024-03-28,5
120,Jeffrey Chandler,dannylambert@hotmail.com,North America,Male,39,Referral,2024-08-29,4
121,Larry Dixon,enewman@powers-king.com,South America,Female,28,Referral,2023-11-25,3
122,Kenneth Scott,michael31@yahoo.com,North America,Male,44,Referral,2024-06-28,3
123,April Frost,louishayes@hopkins.org,Europe,Other,20,Referral,2024-01-20,4
124,Michelle Harmon,susan20@yahoo.com,Asia,Female,34,Web,2023-10-10,5
125,Helen Jones,jenniferdavidson@larsen-taylor.com,North America,Other,45,Mobile,2025-01-26,2
126,Erin Edwards,xgriffin@yahoo.com,South America,Female,46,Web,2025-04-07,1
127,Michelle Evans,thompsoncatherine@yahoo.com,Europe,Other,38,Web,2023-10-31,5
128,Jason Powell,josemercado@luna.net,North America,Male,33,Web,2024-08-19,4
129,Cameron Fisher,nhammond@arnold.net,South America,Male,54,Mobile,2023-10-24,1
130,Megan Orr,michaelwalker@hotmail.com,South America,Male,37,Referral,2024-11-26,3
131,Elizabeth Kelley,stevendixon@yahoo.com,South America,Female,23,Referral,2024-10-15,2
132,Dustin Jordan,batesmelanie@hotmail.com,North America,Male,36,Referral,2025-03-25,3
133,Mary Marshall,seanwhite@hopkins.info,North America,Female,22,Mobile,2024-05-24,4
134,Daniel Kennedy,robinsontony@gmail.com,North America,Male,20,Referral,2025-05-09,1
135,Rebecca Jackson,jim38@yahoo.com,Asia,Male,18,Mobile,2025-03-07,4
136,Jose Schultz,chardin@gmail.com,North America,Female,55,Referral,2024-11-23,1
137,Robert Potter,padillaadrienne@yahoo.com,North America,Female,32,Referral,2025-07-05,5
138,Courtney Gonzalez,nicholasgray@hotmail.com,North America,Male,51,Web,2024-02-12,2
139,David Alvarez,nicholas38@gomez-parrish.info,Asia,Female,52,Mobile,2025-05-05,5
140,Angel Perry,shawdon@gmail.com,North America,Male,42,Web,2024-09-26,5
141,Cheyenne Horton,robertsonjuan@lopez.org,South America,Female,41,Web,2023-11-25,4
142,David Douglas Jr.,robertrivera@olson.info,North America,Other,29,Web,2024-03-31,2
143,Patricia Rodriguez,deborahjenkins@williams.org,South America,Other,35,Mobile,2023-12-30,1
144,Christopher Rubio,crystalwilliams@thomas.net,South America,Other,32,Mobile,2023-10-05,1
145,Amber Wright,johnsjessica@yahoo.com,South America,Other,33,Referral,2023-10-05,3
146,Joyce Solis,shanehaney@jackson-greer.org,Asia,Other,44,Web,2023-08-13,1
147,Victoria Larson,cindydixon@ramsey.info,Asia,Male,25,Referral,2024-06-28,4
148,Stephanie Salazar,nicholasanderson@harris.biz,Asia,Other,42,Web,2023-08-02,5
149,Kathy Rivas,thompsonrachel@williams.com,North America,Other,34,Mobile,2024-11-24,5
150,Stephanie Manning,mhopkins@carey.biz,South America,Other,46,Mobile,2025-03-14,5
151,David Wright,nancy86@gmail.com,Asia,Other,25,Mobile,2024-10-27,2
152,Pamela Boyd,zbell@hotmail.com,Asia,Female,32,Web,2023-11-20,1
153,Denise Jones,eanderson@kent.com,North America,Male,44,Mobile,2023-08-15,4
154,Devon Flores,jacob09@hotmail.com,Asia,Other,24,Web,2024-11-16,2
155,Brenda Hall,brooksjamie@ortiz-rodriguez.biz,North America,Other,20,Referral,2025-01-24,3
156,Michelle Brown,melissa69@yahoo.com,Europe,Other,46,Web,2024-09-19,4
157,Joshua Perry,afischer@hotmail.com,Asia,Male,41,Referral,2025-07-09,4
158,Jason Stein,mitchellpeters@yahoo.com,Europe,Female,20,Web,2023-09-24,4
159,Melissa Gates,kim62@hotmail.com,North America,Male,37,Referral,2024-10-11,5
160,Jamie Smith,seanlyons@garcia.biz,South America,Female,32,Mobile,2024-05-17,4
161,Paul Castaneda,martintamara@gmail.com,Asia,Other,42,Referral,2023-08-13,1
162,Jennifer Adkins,thomasburke@brown.com,North America,Other,47,Mobile,2025-02-20,4
163,Lindsey Walker,ramseysarah@mendez-meyer.org,South America,Male,31,Mobile,2025-02-14,5
164,Jeffrey Johnson,daniellegonzales@jefferson.com,South America,Male,24,Referral,2023-11-03,4
165,Michael Powell,bowerswilliam@hall.com,Europe,Female,34,Web,2024-07-11,3
166,John Anderson,christopherhill@gomez-foster.org,North America,Female,37,Web,2024-11-28,3
167,Alyssa Long,mclaughlincasey@dunn.net,South America,Male,53,Web,2024-11-26,5
168,Alyssa Day,sylvia43@hotmail.com,Asia,Female,26,Web,2025-03-19,1
169,Joel Williams,kspears@green.net,Asia,Male,55,Web,2024-04-28,1
170,Daniel Murphy,gordonmatthew@pratt.net,Europe,Female,39,Mobile,2023-12-16,2
171,Jamie Walton,kchurch@yahoo.com,South America,Male,19,Web,2024-01-27,5
172,Darlene Miller,susan77@atkins.biz,North America,Male,41,Mobile,2024-12-12,4
173,Joshua Cooke,laurengutierrez@black-smith.com,Asia,Male,25,Mobile,2025-06-21,5
174,Matthew Harrington,christopher51@velazquez.org,South America,Female,28,Mobile,2024-01-13,2
175,Nicole Herring,staceyvega@gmail.com,South America,Female,30,Referral,2024-03-11,5
176,Alex Hernandez,jimmyallen@yahoo.com,Europe,Female,34,Referral,2023-12-22,5
177,Michael Elliott,jameswright@kelly.com,Asia,Male,25,Mobile,2024-09-12,2
178,Michael Wang,duranamber@gmail.com,Asia,Female,38,Referral,2025-05-07,1
179,Lawrence Adkins,christine79@yahoo.com,North America,Female,35,Web,2024-01-31,4
180,Robert Oconnell,traceymoon@yahoo.com,Asia,Male,47,Web,2025-02-08,2
181,Alexander Collins,karenanderson@hotmail.com,North America,Other,35,Mobile,2025-03-21,3
182,Tina Sanders,cayers@hotmail.com,Asia,Male,48,Web,2025-04-11,1
183,Angela Vaughn,xdalton@gmail.com,Europe,Female,55,Mobile,2025-03-26,3
184,Ashley Barton,wolfesteve@hotmail.com,Asia,Male,49,Mobile,2024-05-13,1
185,Lindsay Martinez,craignicolas@nguyen.com,North America,Other,28,Web,2025-03-14,4
186,Dr. Hannah Patterson,joel79@diaz-jimenez.com,North America,Male,42,Referral,2024-02-12,4
187,Jonathan Peterson,michael64@yahoo.com,Europe,Female,50,Web,2024-12-18,5
188,Samantha Garcia,tiffanyparks@le.net,Asia,Other,55,Web,2023-09-03,3
189,Madison Poole,zgonzalez@hotmail.com,Asia,Female,58,Mobile,2024-02-23,1
190,Jessica Gross,lshaffer@porter-cowan.net,Europe,Other,25,Mobile,2023-09-27,4
191,Debra Morton,jevans@hotmail.com,Asia,Other,28,Mobile,2025-07-20,2
192,Karen Graham,kgarcia@lewis.info,Asia,Male,39,Mobile,2023-11-13,4
193,Debra Christian,qgarner@ward-grant.com,North America,Male,41,Referral,2024-11-23,2
194,Angelica Keith,jenkinsmichael@hotmail.com,Asia,Female,58,Referral,2023-08-11,1
195,John Bishop,tiffanymitchell@nunez-freeman.info,Asia,Male,34,Referral,2024-12-01,4
196,Allen Rosales,daustin@frye.com,Europe,Male,29,Mobile,2024-10-16,4
197,Daniel Salinas,esweeney@gmail.com,Europe,Other,49,Mobile,2025-05-28,1
198,Spencer Haynes,jeremy54@adams.info,South America,Male,32,Mobile,2023-10-13,4
199,Adam Vaughan,lgutierrez@gmail.com,North America,Other,33,Referral,2023-10-19,2
200,Nathan Freeman,ebonyshepard@brady.com,Asia,Other,39,Mobile,2024-07-15,4
201,Melissa Brewer,bkelley@warren-ferrell.com,Asia,Other,45,Web,2025-07-14,3
202,Ricky Davis II,christopherhuynh@yahoo.com,South America,Female,37,Web,2024-10-29,5
203,Elizabeth Perkins,johnmitchell@hotmail.com,Asia,Female,50,Mobile,2023-10-28,2
204,Joseph Coleman,alisonjackson@alvarado.info,North America,Female,27,Web,2023-10-16,3
205,Erin Warner,amy28@gmail.com,South America,Other,57,Web,2023-11-12,1
206,David Martinez,omills@hotmail.com,North America,Female,49,Referral,2024-02-29,2
207,Bryan Herrera,timothy31@yahoo.com,South America,Female,50,Mobile,2024-02-13,5
208,Cathy Robinson,robert24@gmail.com,South America,Male,19,Mobile,2025-06-18,5
209,Dr. William Warren,mauriceharrison@watts.info,Europe,Female,50,Referral,2023-12-12,1
210,Brian Lee,cannonlauren@hotmail.com,North America,Female,50,Web,2023-10-05,1
211,Christopher Smith,kelleyjacob@kim.biz,Asia,Other,58,Web,2023-09-23,2
212,Denise Mccann,josehenderson@gmail.com,Asia,Other,30,Mobile,2024-08-11,4
213,Melissa Martinez,deborah84@yahoo.com,North America,Other,47,Web,2025-05-11,1
214,Katherine Salas,whitekeith@gibson.info,Asia,Other,50,Referral,2024-04-30,4
215,Julie Alexander,andrew08@lopez.com,Asia,Other,30,Referral,2025-07-02,3
216,Anthony Everett,jenniferacosta@gmail.com,North America,Other,43,Mobile,2025-05-06,5
217,Rodney Morales,alexisrobinson@collins-lloyd.com,South America,Female,39,Referral,2024-01-02,4
218,Mark Brown,riveramegan@gmail.com,North America,Other,56,Referral,2024-05-23,5
219,Justin Torres,kimberly18@white-huang.com,South America,Other,19,Mobile,2023-10-11,4
220,Bailey Duran DDS,martinezkayla@gmail.com,Asia,Male,55,Referral,2024-08-09,3
221,Courtney Mills,cwright@gmail.com,Asia,Female,56,Referral,2025-04-02,1
222,Jeremy Dalton,boydtina@yahoo.com,Asia,Female,43,Referral,2023-08-11,3
223,Elizabeth Oliver DDS,sharon20@hotmail.com,Europe,Female,32,Web,2024-06-10,1
224,Theresa Clark,timothy43@clay-boyer.com,South America,Other,51,Mobile,2023-09-20,1
225,Matthew Moore,cynthianguyen@bauer.com,Europe,Other,59,Mobile,2024-08-05,5
226,Benjamin Smith,albertwilliams@hotmail.com,Europe,Other,57,Mobile,2024-11-21,3
227,Kirk Carter,nathandavis@gmail.com,North America,Male,28,Web,2023-09-22,4
228,Michael Warner,parksmatthew@hotmail.com,Europe,Other,20,Web,2024-01-04,3
229,Michael Bradshaw,kellyeric@moody.net,North America,Male,23,Mobile,2025-01-08,5
230,Lori Guerrero,bquinn@hotmail.com,North America,Female,26,Web,2024-06-15,1
231,Jessica Stephens,jennifer40@yahoo.com,Europe,Other,23,Mobile,2024-05-11,5
232,Susan Serrano,amy73@hotmail.com,South America,Male,26,Web,2025-06-15,2
233,Christopher Parker,mario74@rocha.com,South America,Male,56,Referral,2024-03-24,2
234,Laura Roberts,lori85@yahoo.com,South America,Other,48,Referral,2024-11-28,4
235,Michael Lyons,bgross@vincent.com,South America,Female,49,Mobile,2025-06-29,5
236,Kathryn Snyder,alexandriajimenez@hotmail.com,South America,Female,58,Web,2024-07-09,4
237,Andrew Reynolds,marcus51@mills.com,Europe,Female,29,Web,2025-04-13,4
238,David Davis,morganharris@lee-johnson.biz,Europe,Male,25,Referral,2023-11-27,2
239,Sara Johnston,brandon39@hotmail.com,Asia,Male,25,Referral,2023-12-11,4
240,Yvonne Chambers,conradjason@hebert-collier.info,South America,Male,45,Web,2024-03-13,2
241,Andrew Avila,angela65@brown.com,Europe,Male,37,Web,2023-08-01,1
242,Matthew Moon,blackburnsusan@gmail.com,Asia,Female,24,Web,2025-06-25,5
243,Kevin Walters,amandalopez@sandoval.net,South America,Other,28,Web,2023-12-10,4
244,Brandon Bailey MD,mirandabarbara@hotmail.com,North America,Male,37,Web,2024-12-18,2
245,Shannon Rivera,kandrade@gmail.com,Asia,Male,33,Web,2024-10-07,3
246,Donna Landry,diane89@yahoo.com,Europe,Female,21,Mobile,2024-11-26,4
247,Krista Gibson,andrea55@yahoo.com,North America,Other,23,Web,2024-11-07,1
248,Frank Cordova,charlene98@gmail.com,North America,Other,39,Referral,2025-05-18,1
249,Jose Travis,michael77@yahoo.com,North America,Female,43,Mobile,2023-08-18,3
250,Kimberly Gutierrez,birdcaitlin@taylor.com,Asia,Female,20,Web,2023-10-24,2
251,Isaiah Avila,andrew48@hawkins.com,Europe,Other,58,Referral,2024-04-16,4
252,Olivia Harris,eric45@hotmail.com,North America,Male,59,Mobile,2024-04-19,2
253,Tanya Kim,jonathanevans@ross.com,South America,Other,31,Referral,2024-08-03,1
254,Barbara Dudley,tracynolan@hotmail.com,North America,Female,28,Web,2024-11-12,2
255,Cynthia Moore,benjamin96@deleon.com,North America,Male,35,Web,2024-11-02,1
256,Kristen Davis,hconrad@gmail.com,Asia,Male,29,Web,2024-09-21,2
257,Susan Murray MD,hbrown@flores.com,Asia,Female,40,Web,2023-07-28,3
258,Kathleen Moran,ericnunez@yahoo.com,Europe,Female,29,Mobile,2023-11-25,5
259,Denise Davenport,walkerkeith@yahoo.com,South America,Female,30,Mobile,2024-09-02,3
260,Mrs. Kristen Reyes,matthewalvarez@williams.net,Asia,Other,42,Referral,2025-02-20,3
261,Katie Suarez,kathleencastillo@gmail.com,North America,Other,36,Web,2024-02-07,5
262,Desiree Tyler,mpearson@hotmail.com,Europe,Male,53,Referral,2025-07-13,5
263,Timothy Romero,charlesfrank@cohen-johnston.com,North America,Female,25,Mobile,2023-10-27,4
264,Diane Evans,mdiaz@yahoo.com,North America,Male,46,Web,2023-12-21,4
265,Yvonne Burns,carrillogary@yahoo.com,Asia,Male,49,Web,2024-11-06,3
266,Joshua Reed,scottglass@gmail.com,Europe,Male,35,Mobile,2023-08-16,3
267,Kimberly Gibson,eric11@brown.com,South America,Male,23,Mobile,2024-09-13,1
268,Colin Terry,heather14@ruiz-rivera.net,South America,Female,35,Mobile,2023-08-11,1
269,Cynthia Rowe,amychristensen@webb.com,Asia,Male,36,Mobile,2024-08-30,4
270,Patrick Thornton,scottbrian@gmail.com,Asia,Female,39,Mobile,2024-08-25,4
271,Jasmin Alvarado,marshallsierra@gmail.com,Europe,Female,54,Web,2025-03-07,1
272,Veronica Simpson,elizabeth51@gmail.com,South America,Other,49,Mobile,2023-11-20,1
273,Jonathan Lawrence,yhall@hotmail.com,South America,Female,58,Web,2024-01-09,2
274,Shelly Alexander,todd98@lopez.info,South America,Other,20,Web,2025-05-28,2
275,Joyce Bowen,wrightalyssa@burns-garner.com,North America,Female,45,Mobile,2024-05-03,1
276,Matthew Moore,michael43@hotmail.com,South America,Female,27,Mobile,2023-10-22,2
277,Wayne Morgan,garrettnatasha@gmail.com,North America,Female,52,Web,2025-06-21,5
278,Marie Christian,edwardprince@hotmail.com,Europe,Other,46,Mobile,2024-01-09,4
279,Shannon James,blairabigail@salazar.com,North America,Other,32,Mobile,2023-08-16,4
280,Nathan Malone,mwaller@cole-anderson.com,Europe,Male,50,Mobile,2024-04-04,1
281,Amanda Jones,kylethornton@browning.com,South America,Other,24,Referral,2023-11-09,3
282,Tammie Bright,carlos81@stewart.com,South America,Other,29,Web,2024-01-11,1
283,Jessica Garcia,tali@yahoo.com,Europe,Other,47,Referral,2023-09-27,2
284,Shelia Wallace,kimberlyrodriguez@gmail.com,Asia,Other,38,Mobile,2025-02-09,3
285,Stephanie Williams,catherine93@hall.info,Europe,Male,48,Referral,2025-01-12,2
286,Elaine Brooks,xjoseph@christian.info,Asia,Other,41,Mobile,2025-07-24,5
287,Joseph Knight,jamesjohnson@schaefer.com,North America,Female,37,Referral,2023-10-31,2
288,Carolyn Miller,carlho@camacho-burns.com,North America,Female,54,Mobile,2024-02-17,5
289,Lisa Allen,ronaldparsons@hotmail.com,North America,Other,21,Referral,2024-02-22,5
290,Briana Murray,phillip99@hotmail.com,South America,Other,45,Referral,2024-08-02,2
291,David Smith,hayesmargaret@rich.net,North America,Female,37,Referral,2023-12-26,2
292,Stephanie Byrd,grantzachary@hotmail.com,Asia,Female,41,Web,2023-10-04,5
293,Jeremy Reed,kellysanders@ayala-mitchell.com,North America,Male,49,Referral,2024-04-20,3
294,Margaret Coleman,christie08@gmail.com,Europe,Female,58,Web,2025-01-24,5
295,Ryan Gonzalez,gdavis@gmail.com,Europe,Female,53,Mobile,2024-09-25,4
296,John Young,phillipmorris@white.com,South America,Other,51,Referral,2024-12-12,5
297,Laura Haney,wrightheather@hotmail.com,Europe,Female,53,Mobile,2024-03-09,3
298,William Barrett,davisjasmin@cox.net,Asia,Male,19,Mobile,2024-07-21,4
299,Keith Jennings,cpierce@barr.com,North America,Female,32,Referral,2025-02-22,1
300,Amber Obrien,haroldjoseph@parker-cross.info,South America,Other,51,Web,2025-04-13,1
301,Tanner Mitchell DDS,davidanderson@gmail.com,North America,Other,53,Referral,2024-08-13,3
302,Heather Fields,alexander77@aguirre.com,North America,Female,23,Mobile,2024-06-27,5
303,Megan Le,fortiz@hotmail.com,Asia,Other,56,Mobile,2024-08-26,2
304,Sara Fuller,nicoleramirez@grant.com,Europe,Male,59,Referral,2024-05-30,3
305,Maria Parker,benjamin09@evans.biz,Europe,Male,29,Web,2025-07-10,4
306,Kevin Oconnor,emilycarr@graves.info,North America,Female,20,Web,2023-12-21,4
307,Edward Burgess,daviskevin@yahoo.com,South America,Female,35,Mobile,2024-02-04,1
308,Carlos Ryan,changmegan@gmail.com,Europe,Female,57,Mobile,2023-12-06,4
309,Kiara Mcintyre,staylor@yahoo.com,South America,Other,38,Web,2023-12-25,3
310,Dawn Summers,swarren@gmail.com,Europe,Male,32,Referral,2025-01-08,4
311,Dr. Paul Morgan,duncantiffany@benitez.com,South America,Male,50,Mobile,2025-05-12,3
312,Victor Taylor,jordan99@yahoo.com,Asia,Other,52,Web,2025-06-13,2
313,Shannon Ramsey,ostone@vasquez-white.org,South America,Male,43,Mobile,2025-02-01,1
314,Tracy Ballard,tiffany01@marshall.com,Asia,Female,25,Referral,2024-02-28,4
315,Richard Smith,wwilliams@hotmail.com,Asia,Female,53,Web,2024-05-25,3
316,Jordan Chambers,davidsonhannah@tyler-parker.net,South America,Female,47,Mobile,2023-10-12,5
317,Lauren Carson,wilsonmathew@yahoo.com,Asia,Male,40,Referral,2024-10-20,1
318,Ashley Hall,jamesbass@mendoza.com,North America,Female,59,Mobile,2025-04-01,2
319,Stephen Hoffman,courtneymcclain@hotmail.com,Asia,Other,31,Referral,2025-03-11,3
320,Connie Brown,abowers@hotmail.com,Europe,Other,31,Referral,2024-10-23,2
321,Susan Turner,annette58@smith.com,South America,Male,19,Web,2024-03-23,2
322,Charles Shah,juanjohnson@sims-kirby.org,North America,Other,54,Referral,2023-11-30,4
323,Johnathan Davis,brookehancock@yahoo.com,South America,Other,22,Mobile,2025-04-01,4
324,Brandy Chavez,nelsonchristopher@gmail.com,Europe,Male,55,Referral,2023-12-31,3
325,Natalie Bautista,tgallegos@gmail.com,Europe,Female,58,Referral,2025-02-04,5
326,Patrick Moore,danielglover@gmail.com,Europe,Female,31,Web,2024-08-06,3
327,Brett Burns,zhunter@stein-moore.com,Asia,Female,56,Referral,2024-06-25,5
328,Trevor Johnson,kimberly21@hotmail.com,Asia,Male,42,Referral,2025-06-09,2
329,Jeremy Sampson,jennystevens@hancock.com,South America,Other,37,Mobile,2024-07-05,1
330,Ariana Jennings,steven01@miranda.com,South America,Female,19,Web,2024-06-18,3
331,Vanessa Howard,james44@flores.com,North America,Female,56,Web,2024-10-30,3
332,Colton Martinez,danny98@garcia.com,North America,Male,23,Web,2025-02-24,5
333,Jordan Bates,audrey21@austin-morgan.info,South America,Female,34,Referral,2024-02-21,2
334,Linda Smith,anthonyberger@rodriguez.com,Asia,Male,42,Web,2025-04-18,2
335,Dana Martinez,mwhite@hotmail.com,Europe,Other,45,Referral,2024-03-28,5
336,Andrea Hubbard,larry38@gmail.com,South America,Male,19,Referral,2024-11-19,2
337,Daniel Kane,christopherlang@hotmail.com,North America,Male,52,Mobile,2023-10-16,4
338,Charles Lester,bryantgabrielle@hotmail.com,Asia,Male,54,Mobile,2024-11-07,1
339,Scott Thomas,ohall@gmail.com,South America,Male,22,Mobile,2024-05-17,3
340,David Thompson,philip55@yahoo.com,South America,Other,18,Mobile,2024-06-22,1
341,Allison Smith,jonesdaniel@yahoo.com,Asia,Other,57,Mobile,2023-12-27,3
342,Cynthia Morris,justinbailey@hotmail.com,South America,Female,29,Referral,2024-10-07,4
343,Anthony Harmon,sullivanjennifer@nguyen.com,Asia,Other,53,Referral,2024-04-24,2
344,Nichole Alvarez,amorales@gmail.com,Europe,Other,40,Web,2024-05-10,5
345,Kayla Rodriguez,terrireyes@clark-benson.biz,Asia,Female,48,Referral,2025-06-21,4
346,Theresa Williams,amy32@hotmail.com,Asia,Other,28,Referral,2024-11-27,1
347,Sharon Boyd,mwilson@nguyen-davis.info,Asia,Male,27,Mobile,2025-04-21,5
348,Victor Brown,stephanie19@jennings.biz,South America,Male,20,Referral,2023-09-12,2
349,James Parks,dnewman@gmail.com,South America,Female,31,Mobile,2024-07-08,4
350,Theodore Jones Jr.,paigeberger@pacheco.info,Asia,Female,33,Web,2023-12-01,5
351,Ana Hill,cgilbert@gmail.com,South America,Female,27,Web,2025-06-14,4
352,Kimberly Nguyen,kevin46@haas.com,North America,Male,46,Referral,2023-08-20,4
353,Kerry Chavez DDS,melissabrown@hotmail.com,North America,Other,27,Web,2024-08-25,2
354,Michael Farrell,warnerlori@rodriguez-campbell.com,South America,Male,29,Referral,2024-02-06,3
355,Patricia Le,zpark@flores.net,South America,Female,47,Web,2024-10-22,5
356,Jesse Perez,thomaslopez@bridges-ward.biz,Asia,Other,58,Mobile,2024-06-07,2
357,Jesse Perry,whitney22@jones.com,Europe,Other,18,Mobile,2024-03-08,4
358,Jeffery Ortega,iproctor@gmail.com,South America,Male,22,Mobile,2024-11-05,2
359,Christian Leblanc,ydalton@munoz.net,North America,Female,37,Mobile,2025-04-27,3
360,Ronald Davis,ocruz@gmail.com,Asia,Male,25,Referral,2025-06-05,5
361,Parker Cain,lanemelanie@gmail.com,South America,Other,29,Web,2024-12-07,3
362,Laurie Hoffman,khouse@yahoo.com,North America,Male,18,Referral,2024-09-09,1
363,Bryan Gomez,carrolljanet@carpenter.com,North America,Male,37,Mobile,2024-04-23,5
364,Nicole Parrish,steven18@davis.com,Europe,Female,45,Referral,2024-05-29,3
365,Tracy Burke,bergeramanda@gmail.com,Asia,Female,54,Web,2023-08-17,4
366,Kenneth Lewis,ehunt@hotmail.com,Asia,Other,54,Referral,2023-10-22,5
367,Courtney Rodriguez,zgomez@yahoo.com,Europe,Male,29,Web,2023-12-11,5
368,Holly Farmer,austinlivingston@hotmail.com,Europe,Male,54,Referral,2025-04-13,2
369,Renee Bruce,bryan79@gmail.com,Asia,Male,45,Web,2024-03-31,4
370,Sabrina Austin,lisa90@washington-martinez.com,Asia,Other,32,Web,2024-06-22,1
371,Allison Hickman,david44@yahoo.com,South America,Other,23,Mobile,2025-03-30,3
372,Debra White,munozrenee@hernandez.com,South America,Female,37,Web,2023-12-16,2
373,Ellen Morgan,hwhite@cooper.com,Europe,Female,31,Mobile,2024-04-27,3
374,Sergio Knight,amullins@young-alexander.com,South America,Female,19,Mobile,2024-01-31,1
375,Charles Schultz,brian41@jackson.info,North America,Male,26,Mobile,2023-09-19,1
376,Paul Lewis,wreese@hotmail.com,South America,Male,54,Referral,2024-01-08,5
377,Glen Wood,yvega@baker-moreno.biz,South America,Female,37,Referral,2024-12-16,1
378,Paula Bradley,sara76@stewart.com,North America,Male,43,Referral,2024-05-08,3
379,Anthony Moore,pbishop@yahoo.com,Europe,Female,46,Referral,2024-05-08,4
380,Megan Nelson,joseph14@hotmail.com,North America,Other,18,Web,2023-11-14,4
381,Karla Ramos,vmejia@gmail.com,South America,Female,52,Web,2025-03-21,5
382,Paul Wilson,erica25@smith.biz,Europe,Other,23,Referral,2024-03-25,3
383,Douglas Gregory,jenningsmichael@campbell.com,South America,Male,54,Web,2023-10-27,3
384,Mr. Andrew Foster,stephanielittle@rosario.biz,North America,Female,22,Web,2023-08-01,1
385,Aimee Turner,dominguezjon@guerrero-jones.info,North America,Male,50,Mobile,2024-03-28,3
386,Chad Scott,qschwartz@yahoo.com,South America,Other,31,Mobile,2025-01-09,2
387,Adam Burgess,kimberlyramirez@gmail.com,Asia,Other,29,Mobile,2023-08-02,1
388,James Padilla,dcook@yahoo.com,Asia,Other,59,Mobile,2025-01-31,2
389,Sandra Drake,scottvasquez@gmail.com,North America,Male,37,Web,2024-04-05,5
390,Scott Williams,debbierodriguez@hotmail.com,North America,Male,41,Referral,2024-01-07,4
391,Thomas Atkins,christinarodriguez@yahoo.com,Asia,Male,51,Web,2024-07-20,5
392,Laura Mckinney,johnsonchad@hotmail.com,Asia,Male,42,Web,2024-10-07,4
393,Brian Smith,fsmith@gmail.com,South America,Other,46,Web,2025-04-02,5
394,Robert Montgomery,ortegajoseph@rivera.info,South America,Other,56,Mobile,2024-03-30,3
395,Tamara Davis,upowell@gmail.com,Asia,Female,48,Mobile,2025-06-22,2
396,Dana Chapman,cruzhannah@martinez-nichols.com,South America,Female,40,Mobile,2024-01-21,4
397,Jennifer Collins,richard15@hotmail.com,South America,Male,55,Referral,2024-10-03,1
398,Gary Jackson,randallkathleen@yahoo.com,Europe,Other,37,Web,2023-09-14,2
399,Ashley Hicks,angelaponce@lee.com,South America,Other,40,Referral,2024-05-19,1
400,Hannah Luna,mccluresamuel@gmail.com,North America,Other,33,Mobile,2024-03-01,2
401,Robin Young,leejennifer@allen.com,South America,Female,59,Referral,2024-11-03,2
402,Craig Morrison,blevy@gmail.com,South America,Female,25,Web,2024-01-05,5
403,Mary Thompson,morganjennifer@yahoo.com,Asia,Other,38,Web,2024-09-06,4
404,Kathleen Webster,lindsaycontreras@bentley-berg.net,North America,Other,18,Mobile,2024-01-09,4
405,Joann Glass,sandyjohnson@burns.info,South America,Other,25,Mobile,2023-10-12,2
406,Madison Weber,jacquelineanderson@chen.com,South America,Female,46,Referral,2024-10-02,3
407,Lori Hernandez,marybrown@gmail.com,Europe,Other,49,Mobile,2024-02-25,3
408,Jeremy Turner,nlarson@brown.biz,South America,Other,55,Mobile,2025-01-31,1
409,Anthony Romero,rnguyen@hotmail.com,South America,Male,22,Web,2024-11-08,1
410,Jesse Brown,mary30@thompson.biz,Europe,Male,39,Mobile,2025-06-10,5
411,Angela Lin,angela73@williams.org,Asia,Female,51,Mobile,2025-04-12,2
412,Lisa Hunter,alexistucker@gmail.com,South America,Other,18,Web,2025-05-22,1
413,Julian Conner,saramann@eaton.info,Europe,Other,43,Web,2024-12-27,1
414,Joanna Pacheco,douglasnelson@jenkins-hurley.org,North America,Male,27,Referral,2023-09-21,2
415,Erica Alvarez,jennifersalazar@burton.com,Asia,Female,47,Mobile,2024-10-12,5
416,Antonio Garcia,grantjames@hotmail.com,North America,Male,35,Web,2025-06-17,1
417,Gwendolyn Klein,michelle88@marshall.com,North America,Male,34,Referral,2024-12-07,5
418,Carrie Wright,leelaura@hotmail.com,Europe,Male,43,Referral,2024-06-16,4
419,Jeffrey Mills,qthompson@gmail.com,South America,Male,25,Mobile,2025-01-04,5
420,Jake Campbell,justin64@jensen-wu.info,Europe,Other,57,Mobile,2025-03-03,3
421,George Harper,yangsara@moore.info,Europe,Other,29,Referral,2024-06-27,3
422,Maria Jones,jacobsonjennifer@riley.com,Europe,Male,44,Web,2024-03-27,5
423,Michael Mitchell,nguyencorey@gutierrez.com,Europe,Female,25,Referral,2025-04-16,3
424,Mary Escobar,bbrown@gmail.com,Asia,Female,42,Mobile,2024-03-29,4
425,Felicia Aguilar,xthompson@ellis.com,South America,Female,21,Web,2023-12-25,2
426,Gregory Ponce,matthewjohnson@hotmail.com,North America,Female,50,Web,2023-12-25,3
427,Jenna Larson,derek77@jackson-cooper.com,North America,Male,18,Referral,2023-09-01,3
428,Emily Bennett,belindatran@miller.info,South America,Other,36,Mobile,2025-04-08,5
429,Robin Santiago,rhood@blair.com,North America,Female,48,Referral,2024-08-11,4
430,Nancy Jennings,ryan39@mcintyre.biz,South America,Male,33,Referral,2024-08-15,2
431,Maria Henderson,esparzajessica@johnson.com,North America,Female,31,Referral,2023-08-30,5
432,Jack White,jallen@gmail.com,Europe,Female,22,Web,2024-02-23,5
433,Travis Tucker,davidphillips@hotmail.com,North America,Male,58,Web,2024-06-16,4
434,Chad Jones,castillokevin@stevens.info,South America,Other,43,Mobile,2023-10-25,2
435,Ashley Wise,morgansullivan@yahoo.com,South America,Other,45,Mobile,2023-10-29,4
436,Sophia Johnson,daltonchad@hotmail.com,South America,Male,19,Referral,2024-07-10,2
437,Ralph Anderson,phillipskaren@hotmail.com,South America,Other,23,Referral,2023-12-04,4
438,Christopher Guerra,olivermatthew@robertson.com,South America,Male,26,Referral,2024-11-03,5
439,Rhonda Martin,reyessteven@diaz.net,Asia,Male,50,Mobile,2024-04-03,5
440,Jason Rhodes,devonrogers@wilson.org,Asia,Male,58,Web,2024-10-26,1
441,Jeremy Mitchell,lukehurst@frazier.com,North America,Other,42,Web,2024-05-17,3
442,Joann Ferguson,hmason@yahoo.com,South America,Male,30,Referral,2024-01-24,4
443,Robert Harrison,zoliver@hotmail.com,North America,Female,26,Referral,2024-10-14,1
444,Holly Valentine,patriciaellis@myers.com,South America,Other,30,Referral,2023-08-10,3
445,Mrs. Diane Reyes,martindaniel@crawford.net,South America,Other,48,Referral,2024-03-02,4
446,Tracy Montoya,robert82@reed-wallace.com,Asia,Other,58,Mobile,2023-08-07,2
447,Brenda Wright,bryanwiggins@gmail.com,Asia,Other,28,Web,2024-12-05,3
448,Shelly Spencer,plane@hotmail.com,Europe,Female,21,Referral,2025-03-24,5
449,Ryan Rosales,swatkins@hotmail.com,Asia,Other,51,Mobile,2025-05-19,1
450,Phillip Nelson,itorres@yahoo.com,Europe,Other,55,Referral,2024-10-14,3
451,Brittany Kim,jeremy54@hernandez.info,Europe,Male,21,Referral,2023-07-28,3
452,Courtney Hayes,jennifermitchell@franco.com,Europe,Other,55,Web,2025-07-02,5
453,Alexander Brown,darylchaney@martinez.net,Europe,Female,36,Referral,2024-07-17,4
454,Cynthia Vang,tiffany25@fernandez-martin.com,Europe,Female,23,Web,2024-03-01,2
455,Alfred Galvan,sullivanvictor@gould.com,North America,Female,51,Web,2023-11-03,5
456,Marie Moody,deborah47@montes-webster.org,Asia,Female,35,Web,2025-05-08,2
457,Dustin Gallegos,hmorgan@mendoza.com,Europe,Other,30,Mobile,2024-06-01,4
458,Brenda Thornton,moralesmary@yahoo.com,South America,Other,58,Mobile,2023-08-22,3
459,Aaron Miller,nguyencathy@gmail.com,Asia,Female,40,Web,2025-06-19,2
460,Ruben Dunn,james18@rhodes-rosario.net,Asia,Female,36,Referral,2024-09-11,1
461,Kelsey Rodriguez,tracymorrison@hotmail.com,Europe,Other,28,Web,2025-07-07,1
462,Eric Williams,raymond65@watson-mitchell.com,North America,Female,18,Referral,2024-09-06,5
463,Riley Bryant,fsawyer@gmail.com,Europe,Male,41,Web,2023-08-24,4
464,Taylor Carlson,slara@gmail.com,North America,Female,24,Referral,2024-04-12,5
465,Jose Allen,ltaylor@hotmail.com,South America,Female,42,Mobile,2024-12-06,5
466,Jeffrey Mendez,jaredwells@hatfield.biz,Asia,Male,38,Referral,2023-08-06,5
467,Jason Beck,ortizrobin@thompson-murray.org,South America,Male,32,Web,2023-09-16,1
468,William Jones,jacobjames@henry.org,North America,Other,18,Mobile,2024-07-23,1
469,Katie Mcneil,dhansen@gmail.com,North America,Other,29,Referral,2023-10-06,5
470,Jeanette Harrison,moorekevin@flowers.com,South America,Male,24,Referral,2025-04-29,1
471,Veronica King,traviswatts@gmail.com,North America,Male,32,Referral,2025-04-08,4
472,Richard Cooper,hubbardtrevor@george.org,South America,Other,38,Referral,2024-06-11,5
473,Lori Ingram,ooneill@hotmail.com,Asia,Female,36,Referral,2025-02-05,1
474,Evelyn Williams,brooksjessica@gmail.com,South America,Male,46,Mobile,2024-03-14,2
475,Robin Thompson,bonniethomas@yahoo.com,Asia,Other,42,Mobile,2024-02-23,5
476,Julie Dominguez,frank45@fields-friedman.com,South America,Female,50,Mobile,2024-03-27,5
477,Robin Brown,alyssa18@gmail.com,North America,Male,49,Mobile,2025-03-01,4
478,Judith Carter,georgegary@brennan-serrano.com,South America,Female,52,Web,2024-04-18,3
479,Curtis Williams,cody95@gmail.com,North America,Other,55,Mobile,2024-05-30,3
480,Kaylee Hays,aprilwatson@jenkins-mccall.com,South America,Male,43,Referral,2023-09-24,4
481,Dawn Mullins,ericwalker@pope.org,South America,Female,28,Referral,2024-09-29,4
482,Howard Norman,estevens@fuentes.info,Europe,Male,52,Mobile,2025-03-17,4
483,Evelyn Martinez,hannah27@hotmail.com,North America,Female,25,Referral,2024-03-24,3
484,Steve Paul,jenniferjohnson@gmail.com,Europe,Other,31,Mobile,2024-08-11,4
485,Jasmine Beltran,melissathomas@parker.com,North America,Other,27,Referral,2024-11-11,1
486,Jonathan Glass MD,yvazquez@jones.biz,Europe,Male,19,Web,2023-08-30,5
487,Monica Miller,danielmcguire@watkins.com,Asia,Female,26,Web,2024-05-25,5
488,Samantha Gardner,elizabeth11@harris.com,South America,Male,20,Mobile,2024-03-12,2
489,Bobby Guerrero,thomasjulie@rush-bailey.com,North America,Male,38,Mobile,2025-01-15,2
490,Lance Simmons,garciabelinda@rice.com,North America,Female,43,Mobile,2024-07-12,5
491,Heather Williams,rachelmedina@hotmail.com,South America,Female,25,Referral,2024-08-11,1
492,Heather Bolton,samanthayork@richardson-lawrence.info,North America,Female,19,Mobile,2025-05-14,3
493,William Gould,maryzavala@lewis-perez.com,North America,Other,23,Web,2024-12-03,3
494,Mark Cox,owensapril@yahoo.com,Europe,Male,45,Referral,2025-07-01,1
495,Meghan Cisneros,angela01@yahoo.com,North America,Male,46,Mobile,2023-10-27,3
496,Lawrence Harrington,cruzstephen@hotmail.com,Asia,Other,43,Referral,2025-05-09,4
497,Austin Osborne,aperez@yahoo.com,Asia,Female,42,Referral,2024-05-10,5
498,James Bradley,melissajacobson@yahoo.com,South America,Other,29,Mobile,2025-07-22,5
499,Meghan Rush,alexandercraig@hotmail.com,North America,Other,22,Referral,2024-11-15,1
500,Phillip Berry,qkim@miller.org,South America,Other,51,Web,2023-10-12,3
501,Jennifer Banks,calvinhester@gonzalez-anthony.biz,Asia,Male,54,Web,2023-08-16,2
502,Brian Fitzgerald,maryhardy@hubbard-miranda.org,North America,Other,32,Referral,2024-01-14,2
503,Mr. Justin Green III,qkelly@hotmail.com,North America,Male,53,Mobile,2023-08-31,3
504,Zachary Mitchell,jdixon@yahoo.com,South America,Male,32,Referral,2025-04-26,2
505,Katherine Martinez,kingtyler@dunlap.com,Asia,Male,40,Web,2023-08-02,1
506,Jodi Roach,stantonpatrick@hotmail.com,North America,Female,23,Referral,2023-11-09,1
507,Brandon Fleming,kevinhanson@gmail.com,South America,Male,38,Referral,2023-10-14,3
508,Emma Reed,qharris@yahoo.com,Asia,Male,40,Web,2024-03-31,2
509,Joshua Vance,amy88@gmail.com,South America,Female,33,Referral,2025-05-24,1
510,Michelle Ho,hbeard@cole-farrell.info,Europe,Male,32,Referral,2025-01-09,1
511,Rebecca Hicks,johnsonangela@yahoo.com,North America,Other,42,Mobile,2025-02-06,4
512,Curtis Taylor,tjordan@price.info,Europe,Other,53,Mobile,2024-06-27,4
513,Allison Spencer,khart@hotmail.com,Asia,Male,28,Web,2024-01-16,1
514,Robert Arnold,lbaker@jensen-gomez.com,Europe,Female,32,Web,2023-12-04,3
515,Angelica Parker,johnsonbrandon@yahoo.com,Europe,Other,21,Web,2023-10-01,5
516,Dr. Kelly Hammond DVM,hubbardcolleen@yahoo.com,Asia,Female,38,Mobile,2023-12-20,5
517,William Day,wreed@bell-stanley.com,South America,Female,30,Web,2025-02-06,1
518,Michael Cooper,brittany14@morgan.net,Europe,Other,39,Web,2025-06-24,1
519,Penny Bowman,murraymichelle@hotmail.com,South America,Female,36,Web,2025-04-15,1
520,Vincent Reynolds,andrew79@gmail.com,Europe,Other,51,Mobile,2024-05-06,3
521,Amy Martinez,uhudson@hotmail.com,South America,Female,31,Referral,2025-04-18,4
522,Christopher Morris,rgarcia@rogers.com,Asia,Other,21,Web,2025-06-25,1
523,Hannah Everett,michael63@reid-dickson.com,Europe,Male,44,Referral,2024-09-14,1
524,Sarah King,joseph49@ballard-weber.com,Asia,Other,46,Web,2023-07-28,2
525,Krista Martinez,joshua98@simmons-reed.com,Europe,Other,45,Referral,2025-07-19,3
526,Joseph Shaw,ryan85@gmail.com,Asia,Other,52,Mobile,2025-01-09,1
527,Todd Moore,gking@yahoo.com,Asia,Other,25,Mobile,2025-05-29,2
528,Michelle Jacobs,burtonzachary@ray.info,Europe,Female,33,Web,2023-09-03,5
529,Kristy Bryan,umichael@hotmail.com,Europe,Male,59,Referral,2024-02-11,1
530,Angel May,michaelhernandez@francis.biz,Europe,Other,53,Mobile,2025-06-10,1
531,Marilyn Wang,michelle13@yahoo.com,North America,Female,47,Web,2025-03-25,2
532,Mark Jimenez,debbie49@gmail.com,South America,Male,35,Web,2023-08-27,3
533,Donna Frye,daniellee@gmail.com,North America,Male,19,Mobile,2023-10-19,1
534,Dr. Michael Evans,bwashington@yahoo.com,North America,Male,30,Mobile,2023-08-31,5
535,Anthony Gonzales,eriktaylor@clarke-ramirez.net,Asia,Male,21,Web,2024-03-17,1
536,Mr. Lawrence Edwards,stuarttodd@brown.com,Europe,Other,43,Referral,2023-09-21,5
537,Morgan Valencia,lesterrichard@yahoo.com,South America,Other,42,Referral,2024-02-14,4
538,Bianca Wood,uhahn@young.net,Asia,Female,47,Referral,2024-04-05,4
539,Emma Owens,tyler13@martinez.org,North America,Female,28,Web,2025-01-09,5
540,David Davis,selenarobinson@gmail.com,Europe,Female,24,Mobile,2024-11-11,3
541,James Gilbert,taragonzales@roy-brown.net,Asia,Male,48,Web,2025-03-30,1
542,Sean Moore,stewartrodney@hotmail.com,Europe,Male,27,Mobile,2025-04-16,1
543,Kenneth Edwards,natasha25@baldwin-underwood.com,Asia,Other,56,Referral,2024-05-14,4
544,Kathleen Robertson,vazquezkristina@king.com,Europe,Male,30,Referral,2024-02-19,5
545,Mr. Alexander Landry MD,nicholsjoel@yahoo.com,North America,Male,48,Mobile,2025-01-17,1
546,Cindy Gomez,browningphillip@yahoo.com,South America,Male,24,Mobile,2023-12-04,1
547,Johnny Khan,mayerkatherine@yahoo.com,North America,Female,59,Web,2025-07-12,3
548,Julie Herrera,ruthwelch@sullivan.info,South America,Female,59,Referral,2023-11-09,2
549,Jessica Khan,vhouse@hotmail.com,Europe,Other,53,Web,2024-10-20,4
550,Pamela Diaz,hollowayholly@hotmail.com,Asia,Male,37,Web,2024-07-16,4
551,Kelly Lee,robert85@neal-gill.com,North America,Male,21,Web,2023-10-26,2
552,Angel Gordon,aarongonzalez@yahoo.com,South America,Other,24,Referral,2023-10-31,1
553,Diana Hays,rodriguezjohn@hotmail.com,North America,Male,18,Web,2024-03-29,3
554,Barbara Hester,usparks@mendoza-moss.com,South America,Male,59,Web,2025-05-24,3
555,Robert Morgan,lauren31@richardson-long.biz,North America,Female,30,Web,2023-11-16,4
556,Nicole Gonzalez,vaughansandra@salazar.info,South America,Other,39,Web,2025-02-28,3
557,Kathryn Williams,jacqueline20@williamson-burke.com,South America,Other,38,Web,2024-10-20,2
558,Gary Wells,george91@higgins.info,Europe,Other,39,Web,2025-06-13,1
559,Larry Robertson,walkerjames@yahoo.com,South America,Other,45,Referral,2025-05-15,2
560,Louis Martin,breyes@gmail.com,Europe,Female,26,Web,2025-06-19,5
561,Nancy Evans MD,jessica36@ortiz.com,South America,Female,43,Mobile,2024-06-10,4
562,Kim Erickson,joe73@yahoo.com,Asia,Male,26,Web,2024-11-30,3
563,Robert Richardson,smithdean@yahoo.com,Asia,Male,32,Web,2024-07-06,5
564,Veronica Silva,jennifererickson@hotmail.com,Asia,Male,27,Referral,2024-12-25,3
565,Molly Watts,davisbrian@yahoo.com,South America,Male,41,Referral,2023-10-28,1
566,John Coffey,modonnell@coffey.com,Europe,Female,59,Mobile,2024-09-02,1
567,Paula Lane,william64@lambert-anderson.net,Europe,Other,25,Mobile,2024-09-06,1
568,Lauren Jackson,jorgegordon@humphrey-anderson.com,South America,Female,41,Referral,2024-01-27,3
569,Lisa Randall,jorgeedwards@gmail.com,Asia,Male,33,Referral,2024-10-15,5
570,Michael Johnson,julie64@yahoo.com,Asia,Female,43,Web,2024-07-30,1
571,Ashley Smith,ryan25@hotmail.com,Europe,Other,44,Referral,2024-12-19,5
572,Christian Vaughn,angelalivingston@hotmail.com,Asia,Other,54,Mobile,2024-08-08,3
573,Reginald Knapp,lopezbrian@gmail.com,North America,Female,21,Web,2024-02-27,5
574,Nancy Brown,tgreen@graham-carney.info,Europe,Female,41,Mobile,2024-03-31,3
575,Daniel Nguyen,tkelly@washington.com,Asia,Female,36,Web,2025-03-16,3
576,Kelly Edwards,clayton42@brady.org,Europe,Male,53,Referral,2025-02-11,4
577,Thomas Peterson,foxashley@knapp-sanchez.info,North America,Female,56,Mobile,2024-08-02,3
578,Raymond Le,anthony16@garza-bean.com,Europe,Female,27,Web,2024-01-16,3
579,Melissa Bishop,millermariah@castillo.com,Europe,Female,42,Web,2023-10-04,2
580,David Grant,douglasstephanie@yahoo.com,Europe,Other,35,Referral,2024-02-14,1
581,William Evans,michellesolis@morris-brown.com,Europe,Other,36,Referral,2025-03-11,4
582,Daniel Bush,rossgregory@yahoo.com,North America,Male,53,Referral,2024-03-11,4
583,Gregory Peck,phelpsfrank@mitchell-goodwin.com,South America,Male,27,Mobile,2025-01-27,4
584,Denise Martinez,travis64@munoz.com,Europe,Other,50,Web,2023-09-27,2
585,Jamie Baird,ygriffin@adams-burke.com,Europe,Other,22,Referral,2024-04-24,3
586,Tina Ballard,christina66@gmail.com,Asia,Other,52,Mobile,2024-09-30,1
587,Dwayne Klein,teresa32@rose-holland.com,Europe,Female,51,Mobile,2025-05-03,5
588,Jeremy Scott,zkim@yahoo.com,Asia,Female,50,Mobile,2025-06-01,3
589,Dale Ryan,traceysutton@yahoo.com,South America,Other,38,Referral,2024-01-29,2
590,Melissa Taylor,dphillips@jones.biz,North America,Female,34,Referral,2024-12-18,3
591,Laurie Sanchez,marshalljennifer@yahoo.com,North America,Female,39,Web,2024-12-08,3
592,Kiara Little,brenda80@gmail.com,South America,Male,54,Web,2025-02-15,2
593,Jason Love,kristicameron@gmail.com,North America,Other,32,Referral,2025-05-19,4
594,Randy Smith,tmcdowell@matthews-gibson.info,South America,Other,52,Mobile,2023-12-31,4
595,Tanya Russell,tammy23@gmail.com,South America,Female,45,Mobile,2025-01-14,1
596,Sherry Woods,monica16@smith.info,South America,Other,24,Mobile,2023-09-23,1
597,Victor Morris,vmelton@hotmail.com,North America,Male,49,Web,2023-09-21,4
598,Susan Davis,christine95@hotmail.com,Asia,Male,28,Mobile,2024-08-12,5
599,Kimberly Sharp,christopher20@gmail.com,South America,Male,27,Web,2023-09-09,3
600,Susan Thompson,hortonjacob@clark.com,Europe,Other,26,Web,2024-01-06,5
601,Casey Gillespie,ywilkinson@lee.info,North America,Other,31,Mobile,2023-08-04,3
602,Jennifer Simpson DVM,wilsonrachel@hotmail.com,South America,Other,30,Mobile,2024-12-26,4
603,Tammy Mcdowell,cruiz@hotmail.com,South America,Other,42,Referral,2024-01-08,1
604,Keith Rodriguez,kennethgallegos@williams-smith.biz,Europe,Other,19,Referral,2024-07-22,1
605,Mrs. Virginia Daniels,mmclaughlin@hotmail.com,Asia,Male,52,Mobile,2025-04-20,5
606,Todd Rosales MD,freemantodd@hotmail.com,Asia,Female,24,Web,2024-05-19,1
607,Brian Martin,jenniferrice@yahoo.com,Asia,Male,38,Web,2023-12-17,4
608,David Lopez,adamsdeborah@yahoo.com,South America,Other,35,Web,2024-08-06,5
609,Rachel Bradley,pdean@west-graham.com,South America,Male,20,Web,2023-10-14,3
610,Casey Chase,taylorkim@hotmail.com,South America,Other,59,Web,2024-04-14,1
611,Samantha Robertson,sandra72@sharp-myers.biz,North America,Other,56,Referral,2024-01-03,2
612,Michael Lopez,kmarsh@hotmail.com,Europe,Male,58,Mobile,2025-04-17,1
613,Franklin Wright,hannah17@thompson.org,South America,Other,28,Referral,2024-10-25,3
614,David Molina,leonsherry@yahoo.com,Europe,Female,56,Web,2025-03-07,5
615,Elizabeth Sharp,jasonwilliams@gmail.com,Europe,Other,41,Web,2024-09-06,3
616,Matthew Schwartz,michael22@hotmail.com,Asia,Female,36,Web,2024-08-27,2
617,Bryan Parker,morgandaniel@martinez.info,North America,Female,21,Web,2025-05-21,4
618,Jonathan Jacobson,kristen08@yahoo.com,South America,Other,43,Mobile,2024-03-24,1
619,Emily Wilson,mccarthysara@lloyd-estes.com,Asia,Male,55,Web,2025-03-06,5
620,Elizabeth Mendez,colonbobby@jackson.com,Asia,Female,59,Mobile,2024-03-23,4
621,Casey Hernandez,jessicaerickson@hotmail.com,South America,Male,49,Web,2025-01-25,3
622,Lisa Perry,mooremichael@gmail.com,Europe,Female,56,Mobile,2024-07-11,5
623,Kaitlin Medina,scottperry@sanchez.com,Asia,Other,53,Referral,2024-12-14,4
624,Colleen Wright,christopherwatson@yahoo.com,Europe,Other,57,Web,2023-11-21,5
625,Shelley Miller,edwardmolina@yahoo.com,North America,Female,54,Mobile,2025-05-13,2
626,Michael Miller,lauriegutierrez@villanueva-crane.net,Europe,Other,50,Referral,2024-08-19,2
627,Amy Kelley,ramoskayla@hotmail.com,North America,Female,53,Web,2023-10-15,1
628,Laura Hernandez,morganrichard@hamilton.com,Europe,Other,20,Web,2025-07-04,1
629,Joseph Wilson,levinetina@liu.net,Asia,Male,26,Web,2023-11-03,2
630,Kevin Davis,regina04@hotmail.com,Asia,Other,25,Mobile,2024-01-10,5
631,Rhonda Chavez,ngriffin@weber.com,North America,Male,50,Mobile,2025-07-06,2
632,Joyce Brown,nicolemiller@hotmail.com,South America,Other,23,Referral,2024-05-02,1
633,Robert Cummings,vhardy@gmail.com,North America,Male,58,Mobile,2024-05-19,2
634,Robert Reese,christopherarnold@hotmail.com,North America,Other,56,Mobile,2024-07-10,2
635,Amber Cooper,andrewzamora@hotmail.com,Europe,Male,21,Web,2025-05-29,5
636,Zachary Michael,marilyntorres@yahoo.com,Europe,Female,30,Web,2024-11-17,4
637,Timothy Johnson,skinnerjordan@gomez.com,North America,Female,19,Web,2024-08-26,1
638,Randy Cannon,ashley07@yahoo.com,Asia,Male,22,Web,2023-12-29,5
639,Maria Fisher,michaelmitchell@armstrong.com,Europe,Other,44,Web,2025-03-21,2
640,Janet Kane DVM,zachary35@garcia-dawson.biz,South America,Male,49,Web,2024-05-30,2
641,Michael Stanley,brownpamela@lewis-miller.net,Europe,Other,38,Web,2023-12-17,4
642,Martha Bailey,lwiggins@yahoo.com,Europe,Female,25,Referral,2023-09-16,1
643,Joshua Rice,fbarker@hotmail.com,South America,Other,55,Referral,2024-02-25,1
644,Courtney Smith,drewmartinez@hotmail.com,North America,Female,25,Referral,2024-06-17,3
645,Edwin Nunez,tammypalmer@hotmail.com,South America,Other,20,Referral,2023-11-29,1
646,Kim Morrow,stanleyjohnson@raymond.com,North America,Other,20,Web,2025-01-08,4
647,Gregory Hill,martinezashley@gmail.com,North America,Other,39,Referral,2024-03-19,3
648,Molly Rodriguez,watsonvickie@carter-johnson.com,North America,Male,23,Web,2025-05-30,3
649,Jennifer Miranda,twilliams@lewis-fuentes.info,South America,Male,19,Referral,2024-10-15,2
650,Alexis Harris,kelleycarlos@butler.com,North America,Female,40,Mobile,2024-12-09,2
651,Andrew Harper,kimberly79@gmail.com,Asia,Female,19,Referral,2023-10-12,1
652,Amber Yang,qgill@hernandez-luna.com,South America,Male,55,Referral,2023-11-16,3
653,David Robinson,zhall@yahoo.com,Asia,Female,34,Web,2024-07-17,2
654,Amy Gordon,pfitzgerald@cline.com,North America,Male,52,Referral,2025-06-04,4
655,Robert Dennis,schneiderchristopher@hotmail.com,Europe,Other,51,Mobile,2023-10-16,2
656,Kyle Chambers,karenshaw@martinez.com,North America,Female,40,Web,2025-02-22,2
657,Eric Thomas,kristin39@miller-ferguson.com,Asia,Female,47,Web,2023-10-18,3
658,Connie Turner,henrysarah@yahoo.com,Asia,Male,25,Referral,2024-01-27,3
659,Travis Hobbs,robertheath@yahoo.com,South America,Female,39,Web,2023-08-06,5
660,Lori Simmons,christopher18@gmail.com,Europe,Female,53,Web,2025-06-18,4
661,William David DDS,iantate@gmail.com,South America,Other,22,Web,2024-07-16,3
662,Emma Butler,dgregory@hotmail.com,Asia,Female,30,Web,2023-12-17,1
663,James Webster,anthonybrown@yahoo.com,North America,Other,46,Web,2024-02-17,4
664,Samuel Turner,douglas54@david-lam.com,Europe,Male,48,Web,2023-08-16,4
665,Renee Melendez,karenwillis@romero-gordon.com,North America,Female,33,Mobile,2024-07-28,3
666,Tracy Grant,floresangela@gmail.com,North America,Other,59,Referral,2024-12-20,4
667,David Harris,russelljesus@gmail.com,Europe,Male,47,Mobile,2024-09-09,3
668,Tammy Boone,sanchezangela@gmail.com,South America,Female,33,Web,2024-07-10,2
669,Nathaniel Lee,ogriffin@hotmail.com,North America,Male,29,Web,2024-04-23,5
670,Michael Morrison,nathanielgalloway@medina.net,Asia,Female,34,Referral,2024-02-16,2
671,Chelsea Gill,smithsteven@hotmail.com,North America,Male,33,Mobile,2023-10-24,3
672,Kristin Mendoza,aaronmahoney@yahoo.com,Europe,Male,29,Referral,2025-07-13,3
673,Felicia Krueger,mary65@hotmail.com,Europe,Other,25,Mobile,2024-09-24,2
674,Timothy Hayden,brandon89@turner.com,Europe,Male,37,Web,2023-09-28,1
675,Zachary Mendoza,natalie39@bernard.com,South America,Female,20,Referral,2024-04-25,1
676,Larry Harris,qnelson@yahoo.com,North America,Female,33,Referral,2024-06-24,1
677,Kristen Rowe,stevegreene@gmail.com,South America,Other,47,Web,2024-01-05,3
678,Joseph Howard,lynchadam@chambers.net,South America,Female,40,Referral,2023-11-18,4
679,Jose Crawford,ymedina@hotmail.com,Europe,Female,45,Mobile,2024-05-28,3
680,William Harrison,staffordlisa@chambers-gomez.biz,Europe,Female,57,Mobile,2024-08-18,4
681,Suzanne Wood,xthompson@hotmail.com,South America,Male,22,Mobile,2024-06-23,2
682,Justin Walker,fordsharon@smith-paul.com,North America,Male,37,Mobile,2024-08-22,5
683,Dean Donovan,christopheraustin@yahoo.com,Asia,Female,57,Web,2024-04-09,4
684,Jennifer Hernandez,tinacoffey@campbell.org,South America,Other,18,Referral,2023-09-04,1
685,James Whitaker,gonzalezlori@rodriguez-ramirez.net,North America,Male,47,Mobile,2024-07-01,3
686,Mr. Michael Scott PhD,andreakeller@hotmail.com,Europe,Other,38,Web,2024-02-21,2
687,Maria Henry,chapmanjulie@green.com,Europe,Female,37,Referral,2024-05-07,1
688,Robert Jackson,melaniejohnson@hotmail.com,North America,Female,23,Referral,2023-10-08,2
689,Katherine Stark,bsmith@hotmail.com,Asia,Male,39,Web,2023-09-01,5
690,Maria Brown,ryan64@frazier.info,Europe,Female,35,Web,2024-12-09,3
691,Ryan Landry,stephensonjeffrey@yahoo.com,Europe,Male,25,Mobile,2024-05-17,3
692,Pamela Gutierrez,zstewart@gmail.com,Europe,Female,56,Referral,2025-02-12,5
693,Crystal Mann,beardlindsey@hotmail.com,North America,Female,49,Referral,2025-07-14,3
694,Jonathan Brooks,prosario@martin.com,South America,Male,50,Web,2024-06-17,4
695,Mary Jensen,castillolindsey@robles.com,Europe,Male,33,Referral,2023-12-22,2
696,Mr. Aaron Arnold,vallen@underwood.com,South America,Male,29,Mobile,2024-03-09,1
697,Joseph Hill,oduran@riley-miller.com,Asia,Female,55,Referral,2023-12-19,5
698,Alicia Li,sedwards@patton.info,Europe,Female,51,Web,2024-06-01,4
699,Renee Browning,cheryl61@byrd.com,Europe,Other,31,Web,2023-12-09,1
700,Brent Hernandez,nmorales@yahoo.com,Asia,Male,53,Mobile,2024-10-28,1
701,Joseph Ochoa,chavezsteven@hobbs-harvey.com,Europe,Female,50,Mobile,2024-02-24,5
702,James Watson,lholmes@rodriguez.org,South America,Female,40,Referral,2024-09-08,4
703,Karl Branch,rebeccamartinez@scott.info,North America,Male,19,Referral,2024-11-07,1
704,Michael Abbott,devinwilliams@collins.net,South America,Other,58,Web,2024-08-11,1
705,Shannon Malone,brandy82@gmail.com,North America,Male,38,Mobile,2024-08-30,4
706,James Tran,carrie45@gmail.com,North America,Other,19,Mobile,2024-06-25,3
707,Adam Jackson,younglori@trevino.com,South America,Female,44,Mobile,2023-10-17,1
708,Mr. Richard Knight PhD,petersonelizabeth@holt.org,South America,Other,26,Referral,2025-01-04,2
709,Joseph Williams,robert21@yahoo.com,South America,Female,18,Mobile,2023-09-01,4
710,Sean Clay,arobinson@walker.com,South America,Male,28,Web,2024-12-08,1
711,Anthony Jones,lindsay63@yahoo.com,Asia,Male,20,Web,2024-02-03,5
712,Stephanie Elliott,coxcharles@spencer.com,Europe,Male,40,Referral,2023-10-19,2
713,Timothy Edwards,crystaldurham@yahoo.com,North America,Other,43,Referral,2024-01-11,1
714,Laurie Goodwin,gonzalezjustin@mcclure.com,South America,Female,21,Mobile,2023-10-22,2
715,Jennifer Jones,gregorysmith@yahoo.com,South America,Male,35,Referral,2023-09-04,2
716,David Davenport,deckerderrick@cobb.com,South America,Male,23,Web,2025-06-19,3
717,Steven Rivera,mikewatson@gmail.com,Asia,Female,52,Mobile,2023-08-21,2
718,Brenda Hinton,wilsonnicole@gmail.com,South America,Male,39,Web,2024-10-13,3
719,Kathryn Mccann,amandabenson@greene-rowland.com,South America,Female,32,Mobile,2024-02-16,4
720,Jeffrey Roberson,melissaphillips@murphy.com,South America,Female,39,Referral,2024-01-26,3
721,Randy Friedman,fclark@gibbs-mendez.com,Europe,Female,54,Mobile,2023-09-14,5
722,Raymond Johnson,victor72@yahoo.com,Asia,Female,59,Mobile,2024-09-10,1
723,Willie Henry,fbaldwin@yahoo.com,South America,Female,29,Web,2023-10-11,4
724,Todd Reynolds,ylittle@hotmail.com,North America,Other,59,Web,2024-02-23,4
725,Mary Miller,jeffreyharris@foster.biz,North America,Male,55,Mobile,2024-01-16,5
726,Rebecca Marquez,selenabrooks@hotmail.com,North America,Other,35,Referral,2025-06-09,3
727,Christian Dawson,karenphillips@bell.org,Asia,Male,52,Referral,2024-11-17,1
728,Nancy Stewart,bhayes@yahoo.com,Asia,Other,47,Web,2025-01-18,3
729,Aaron Parker,ystewart@gmail.com,North America,Female,41,Referral,2025-01-30,2
730,Derrick Anderson,phall@howard.com,South America,Male,59,Web,2024-06-03,3
731,Jerry Peters,sara11@ward.com,Asia,Male,47,Referral,2024-05-24,4
732,Alexander Gomez,emilywright@hotmail.com,North America,Other,31,Mobile,2024-05-25,1
733,Kyle Nguyen,janicebolton@hotmail.com,North America,Other,23,Web,2023-10-11,3
734,Edgar Hughes,carrillojuan@yahoo.com,South America,Male,20,Web,2024-01-11,1
735,Steven Stein,wunderwood@hotmail.com,Europe,Other,33,Mobile,2025-02-14,1
736,Laura Jackson,wvaldez@grimes.com,Asia,Other,24,Web,2025-04-25,2
737,Charles Turner,lhall@todd.com,South America,Other,31,Referral,2025-06-07,2
738,Arthur Hamilton MD,roymcmahon@yahoo.com,North America,Female,26,Referral,2025-01-12,4
739,Mr. David Wright,jcole@brooks.com,North America,Female,32,Web,2024-02-18,5
740,Linda Gonzalez,porterdonna@yahoo.com,South America,Other,38,Referral,2024-08-12,1
741,Eric Rush,robertjennings@yahoo.com,Asia,Other,52,Web,2023-12-31,5
742,Manuel Brock,brenda90@gmail.com,Europe,Female,19,Mobile,2023-12-04,4
743,George Ochoa,ashley99@camacho.biz,Europe,Female,44,Web,2025-03-26,1
744,Valerie Taylor,glopez@hudson-hayes.com,North America,Male,19,Mobile,2023-12-30,1
745,Travis Harris,damontran@serrano.info,Asia,Male,52,Referral,2024-04-20,5
746,Vincent Novak,jamespruitt@campbell-hall.net,Europe,Female,35,Mobile,2024-11-30,3
747,Michael Henry,hbrown@jackson.biz,Asia,Other,31,Referral,2024-03-04,2
748,Dana Bennett,andersonrobert@jones.com,Asia,Other,37,Web,2025-01-23,3
749,Jenna Wilson,ryan72@andrews.info,North America,Other,35,Referral,2024-10-30,5
750,Leslie Gardner,adrianthomas@gmail.com,Europe,Other,27,Web,2024-03-04,2
751,Krista Benton,aliciakent@yahoo.com,South America,Male,42,Web,2025-02-14,3
752,Michael Gonzales,vjohnston@gmail.com,North America,Female,19,Mobile,2023-07-27,2
753,Michael Fuentes,treed@yahoo.com,Europe,Other,42,Mobile,2023-10-06,1
754,Jennifer Porter,robertwhite@hotmail.com,Europe,Male,50,Mobile,2023-12-15,3
755,Dana Hopkins,qcruz@gmail.com,Europe,Other,53,Mobile,2024-08-18,2
756,Rachel Jones,chale@mcclure.com,Europe,Female,48,Referral,2025-06-29,2
757,Karen Morales DDS,wolfejennifer@gmail.com,Europe,Male,31,Referral,2025-01-19,2
758,Melissa Stephens,jriddle@gmail.com,Asia,Female,18,Referral,2024-11-19,3
759,Heather Woodard,camposwilliam@yahoo.com,North America,Female,33,Web,2024-07-29,4
760,Margaret Miller,nmartin@hotmail.com,Asia,Male,20,Referral,2025-02-18,3
761,Mary Kelly,ojohnson@lowe.biz,South America,Male,52,Referral,2024-03-18,5
762,Amanda Terrell,qjohnson@fletcher.com,Europe,Male,58,Referral,2025-05-17,3
763,Jennifer Goodwin,fmurray@hotmail.com,North America,Male,23,Mobile,2025-06-28,2
764,Jessica Smith,rtaylor@jackson.org,Europe,Male,42,Referral,2025-01-09,1
765,Jorge Stone,kellynichols@jackson-powers.com,North America,Male,30,Web,2024-01-26,3
766,Laura Griffin,scottthompson@hotmail.com,Asia,Male,51,Mobile,2023-12-04,3
767,Raymond Chapman,scottwilliams@cain.com,North America,Other,25,Web,2024-03-25,2
768,Haley Johnson,scott90@gmail.com,South America,Female,38,Referral,2025-01-04,1
769,Jason Nixon,sarahbrooks@gmail.com,South America,Male,51,Mobile,2023-09-16,1
770,Todd Thomas,smithanthony@rogers.com,North America,Other,21,Web,2023-12-01,5
771,Jesse Clark,roblesmaria@ramsey.biz,North America,Other,42,Referral,2023-12-17,3
772,Mr. Jeffrey Horton,marcus39@villa.biz,North America,Other,32,Web,2024-04-07,1
773,Eric Patrick,jasonkelly@smith.com,North America,Female,21,Web,2025-06-22,1
774,Samuel Wong,olewis@barrett.org,South America,Male,29,Web,2024-07-12,4
775,Carly Riggs,jonesjeffery@yahoo.com,Europe,Other,49,Referral,2023-11-12,4
776,Christopher Moore,marquezkylie@hotmail.com,North America,Female,49,Referral,2023-08-03,1
777,Tina Hall,susan95@horton.com,North America,Female,45,Web,2024-12-23,5
778,Cody Davidson,cynthiahenson@yahoo.com,South America,Female,30,Mobile,2024-07-27,1
779,Allen Mendez,rogerscharlotte@hotmail.com,South America,Other,48,Mobile,2024-06-21,2
780,Kevin Price,vdixon@gmail.com,Asia,Male,31,Referral,2024-04-09,3
781,Christine Goodwin,andrewblake@parker.biz,North America,Other,37,Referral,2023-08-10,5
782,Amy Garcia,brownnicholas@harris-bennett.com,Asia,Other,35,Referral,2023-12-09,2
783,Chelsea Nguyen,vstevenson@ramirez.com,South America,Male,46,Referral,2024-02-14,5
784,Dennis Huffman,karen35@yahoo.com,South America,Male,23,Referral,2025-06-08,2
785,Margaret Harper,amberknox@mcneil.com,Europe,Male,49,Mobile,2023-09-22,3
786,Laurie Bailey,isaiah01@yahoo.com,North America,Female,46,Referral,2023-12-04,3
787,Lisa Cervantes,brettbraun@martinez.org,Asia,Male,19,Web,2025-01-02,4
788,Elizabeth Mendez,williamsimmons@collins-griffith.com,South America,Other,40,Web,2025-03-06,2
789,Cesar Wilson,catherineturner@hotmail.com,South America,Male,36,Mobile,2025-05-17,4
790,Clayton Steele,josephharrington@gmail.com,Asia,Other,48,Web,2023-08-01,2
791,Jennifer Taylor,egray@yahoo.com,Europe,Female,22,Mobile,2024-10-28,4
792,Cody Reid,ywolf@yahoo.com,South America,Other,36,Mobile,2024-04-23,3
793,Maria Cooke,fsimmons@larson-hernandez.com,North America,Other,51,Web,2024-07-27,5
794,Katherine Taylor,dford@yahoo.com,South America,Male,27,Referral,2024-10-19,4
795,Jerry Brown,ijones@hotmail.com,North America,Male,42,Web,2023-07-25,2
796,Adam Taylor,ericlopez@gmail.com,Asia,Other,19,Web,2024-08-07,2
797,Tracey Wagner,asullivan@yahoo.com,North America,Male,28,Mobile,2025-06-02,3
798,Michael Perry PhD,pburns@hotmail.com,Asia,Female,48,Web,2024-02-02,2
799,Bradley Johnson DDS,hdyer@frederick-martin.biz,North America,Female,32,Mobile,2024-07-26,1
800,Donald Medina,william75@hotmail.com,Asia,Male,26,Referral,2023-10-17,5
801,Jim Newton,vhouse@allen.com,North America,Female,40,Referral,2023-08-29,4
802,Krista Wilson,josegibson@hernandez.com,Europe,Male,36,Referral,2025-04-21,5
803,Reginald Morrow,wisedawn@sanders-willis.com,North America,Other,26,Web,2023-08-07,3
804,Rodney Williams,bmartin@holt-mason.net,North America,Other,52,Mobile,2024-10-07,4
805,Kimberly Fritz,jessica11@hotmail.com,Europe,Female,38,Referral,2025-01-03,4
806,Ronald Potter,josephclark@hotmail.com,South America,Male,26,Mobile,2024-03-06,1
807,Zachary Cole,adam27@gmail.com,South America,Male,45,Mobile,2025-05-03,3
808,Robert Gonzales,ayalarobert@pena-quinn.com,North America,Female,24,Referral,2024-01-18,2
809,Patricia Young PhD,jacob23@white-fry.info,Europe,Other,33,Referral,2024-09-04,1
810,Heather Page,jamesbrady@green.info,North America,Female,33,Mobile,2024-08-18,1
811,Carol Taylor,christophermiller@hill.com,Asia,Other,50,Referral,2023-12-01,5
812,Daniel Brown,wwashington@smith.com,Asia,Male,21,Mobile,2025-03-02,5
813,Douglas Ryan,clarklatoya@morrison-hatfield.com,North America,Other,21,Mobile,2023-11-15,5
814,Michael Roberts,msherman@yahoo.com,South America,Female,56,Referral,2025-03-18,1
815,Scott Duke,evelyn55@gmail.com,South America,Male,57,Web,2023-10-05,2
816,Anna Estes,dgray@yahoo.com,North America,Female,34,Referral,2023-10-10,4
817,Tamara Riddle,smithmonica@yahoo.com,North America,Female,54,Web,2024-03-17,5
818,Beth Cline,guzmanmisty@tapia-walton.com,Asia,Other,56,Mobile,2025-04-09,2
819,Michael Poole,qmontgomery@yahoo.com,South America,Female,46,Mobile,2025-02-15,3
820,Megan Burns,aaronlittle@yahoo.com,North America,Other,53,Web,2024-04-10,5
821,Debra Perry,morgan57@lawson.org,Asia,Male,55,Mobile,2024-07-10,4
822,Mark Beard,ronnie71@cruz.net,South America,Other,56,Web,2024-08-09,3
823,Jose Ramirez,tylermiller@davies.info,Europe,Male,54,Web,2025-02-14,3
824,Jackie Clements,pbates@lewis.com,Asia,Other,52,Mobile,2024-04-22,4
825,Aaron Schroeder,bholder@hickman.biz,South America,Female,24,Web,2024-09-20,5
826,Monica Ellis,jenniferwade@hotmail.com,South America,Other,44,Referral,2024-02-09,1
827,Heather Brown,sandraschultz@davis-holt.com,Asia,Other,45,Referral,2024-12-21,4
828,Claudia Jordan,nicholas68@stokes-walker.com,Europe,Male,39,Mobile,2024-08-05,4
829,Derrick Clayton,rodriguezmatthew@hotmail.com,Asia,Female,31,Mobile,2024-02-06,4
830,Kenneth Knight,berrydavid@finley-ray.com,South America,Other,24,Web,2024-05-02,3
831,Mr. Michael Williams,lawrencejames@yahoo.com,North America,Female,54,Web,2024-07-15,2
832,Richard Stevens,kelsey28@hotmail.com,North America,Other,39,Web,2023-08-04,1
833,Scott Alexander,fosteramanda@stewart-cabrera.com,Asia,Other,22,Web,2025-04-27,5
834,Tyler Harris,jfrazier@campbell.com,South America,Female,19,Referral,2024-04-23,5
835,Bonnie Santos,wayne14@hotmail.com,North America,Other,44,Referral,2024-03-14,2
836,Timothy Hill,troypadilla@yahoo.com,South America,Female,38,Mobile,2025-01-26,4
837,Danielle Watson,eric33@fitzgerald.info,Asia,Other,55,Web,2024-04-09,1
838,Carol Sanders,tracey20@hotmail.com,North America,Male,32,Web,2025-06-16,5
839,Michael Young,roberto75@yahoo.com,South America,Female,38,Mobile,2024-08-30,5
840,Michele Smith,rosejustin@hotmail.com,North America,Other,27,Web,2025-03-17,4
841,Casey Perez,udavis@glenn.com,Asia,Other,40,Web,2024-12-21,2
842,Alexandra Dominguez,barbararamos@yahoo.com,South America,Male,56,Web,2025-05-20,1
843,Virginia Henderson,jasonbrock@gmail.com,North America,Female,22,Web,2025-05-26,2
844,Benjamin Reyes,jessica91@floyd.biz,Asia,Other,18,Web,2025-06-24,2
845,Ashley Edwards,davisterri@landry.net,North America,Male,30,Mobile,2025-05-10,1
846,Breanna Ayala,obooker@hotmail.com,North America,Other,38,Web,2024-10-29,1
847,Brandi Haney,austinallen@yahoo.com,Europe,Female,43,Mobile,2024-08-04,5
848,Joseph Smith,denisebennett@hotmail.com,Europe,Other,38,Web,2023-10-20,5
849,Jessica Bowen,phancock@hill-delgado.com,Asia,Other,35,Referral,2024-02-19,1
850,Brittany Jenkins,wilsondavid@barnett.org,Europe,Other,54,Referral,2025-01-07,3
851,Shannon Miller,heather19@gmail.com,Asia,Other,49,Referral,2024-08-31,5
852,Paul Lawrence,scooke@yahoo.com,Europe,Male,53,Referral,2025-02-09,3
853,Victor Edwards,corybrown@hotmail.com,North America,Male,34,Mobile,2024-12-02,1
854,Donald Miller,bhess@hawkins-herrera.net,Asia,Female,52,Mobile,2023-08-10,5
855,Lindsay Lawson,stonebrenda@hotmail.com,Asia,Male,28,Web,2023-11-16,2
856,Melissa Abbott,tammymerritt@atkins.com,North America,Male,38,Referral,2024-06-07,1
857,Elizabeth Holmes,hmcbride@anderson.com,Asia,Female,43,Mobile,2025-05-20,4
858,Nicole Phillips,melissa01@hunter.net,Asia,Male,21,Web,2024-01-12,3
859,Steven Blevins,qrowland@wright.net,Europe,Male,51,Web,2024-12-18,1
860,Brian Porter MD,ftaylor@hotmail.com,Asia,Female,35,Mobile,2023-11-12,1
861,Vanessa Hatfield,catherine83@hotmail.com,South America,Female,57,Referral,2024-04-27,5
862,Bonnie Valencia,youngjacob@chase-lewis.com,North America,Female,52,Web,2024-08-14,5
863,Holly Vega,joshua96@pierce.biz,Europe,Other,58,Referral,2023-08-18,5
864,Tiffany Townsend,qbryant@coleman.com,Europe,Other,46,Referral,2024-01-30,4
865,Austin Baker,jenniferelliott@hotmail.com,South America,Female,46,Referral,2024-10-15,5
866,Antonio Mccormick,uunderwood@gray-maynard.com,North America,Female,55,Web,2025-02-19,1
867,Lori Mason,david18@jones-bowman.com,North America,Female,59,Referral,2025-01-15,5
868,Michael Miller,dustin34@gmail.com,Europe,Other,38,Web,2024-06-23,2
869,Lisa Ramirez,opetty@lynn-patton.com,Asia,Other,59,Referral,2024-04-29,5
870,Jorge Harris,brianna71@bailey.com,Europe,Male,30,Web,2024-01-01,4
871,Kimberly Myers,jacksonstacey@white-shaffer.net,North America,Male,58,Referral,2025-02-22,2
872,Sandra Becker,qvargas@gmail.com,South America,Female,34,Mobile,2023-10-02,1
873,Michael Blair,douglasbradley@brown-swanson.com,Europe,Other,26,Referral,2023-12-22,1
874,Amy Miller,lmann@andersen-lindsey.net,North America,Other,58,Referral,2025-07-09,3
875,Jesse Lynch,stephanie83@yahoo.com,Europe,Other,18,Web,2024-05-13,2
876,Patrick Yang,richard51@miller.com,Asia,Female,19,Web,2024-12-02,3
877,Michael Miles,paulangela@stokes-smith.biz,Europe,Male,46,Referral,2023-10-16,2
878,Troy Mills,rjimenez@barron.org,Europe,Female,50,Mobile,2024-02-22,2
879,Michelle Jackson,kleinjacqueline@reed.net,North America,Male,27,Mobile,2025-06-05,4
880,Richard Adams,roconnell@mckee.com,North America,Male,57,Web,2024-11-22,3
881,Patricia Johnson,hendersonnicholas@yahoo.com,North America,Female,38,Mobile,2025-01-02,4
882,Denise Brown,robin38@roberts.com,Europe,Male,45,Referral,2024-09-20,2
883,Laura Jones,aaronwelch@yahoo.com,Asia,Male,28,Web,2025-06-22,1
884,Ian Porter,sarah80@stafford-charles.com,South America,Other,51,Referral,2025-07-02,2
885,Holly Scott,gilbertmark@yahoo.com,South America,Male,25,Web,2024-07-07,4
886,Kenneth Sharp,baileyjennifer@gomez-garcia.info,North America,Female,39,Web,2025-06-04,3
887,Jordan Williams,ricerachel@martinez-freeman.com,North America,Female,25,Web,2024-09-06,3
888,Dana Ruiz,thomasbrooks@yahoo.com,Europe,Male,32,Web,2023-12-07,4
889,Chris Velazquez,amandaadams@yahoo.com,South America,Other,34,Mobile,2024-02-16,3
890,Kristen Sloan,donaldburgess@gmail.com,North America,Other,40,Referral,2025-07-01,5
891,Jennifer Morris,danielmitchell@gmail.com,Asia,Male,41,Referral,2025-01-02,1
892,Nathan Nelson,cmanning@gmail.com,Asia,Male,36,Referral,2024-04-20,1
893,Jake Shaw,rmoyer@fisher.info,North America,Female,22,Web,2025-06-13,1
894,Cassie Brock,karen68@mclean.com,North America,Male,49,Mobile,2024-04-07,3
895,Dr. Andrea Marshall,martinezmaurice@saunders.com,South America,Other,18,Referral,2024-05-23,3
896,Ryan Murphy,vbray@gmail.com,South America,Male,40,Mobile,2024-10-24,2
897,Aimee Gonzalez,froberts@gmail.com,Europe,Female,54,Web,2024-06-13,2
898,Elizabeth Dean,christinadaniel@gmail.com,South America,Female,25,Referral,2024-02-24,1
899,Kevin Snyder,katie43@hoover.com,Asia,Female,30,Mobile,2024-03-21,5
900,Christie Mccullough,victoriagarza@hernandez.com,Asia,Female,25,Web,2023-12-20,2
901,Danielle Smith,ronaldjensen@lin.biz,North America,Female,40,Mobile,2023-08-25,2
902,David Reed,jeffreysimmons@gmail.com,South America,Male,18,Referral,2024-10-17,3
903,Sherry Tapia,torresjoseph@yahoo.com,Europe,Male,41,Referral,2024-08-31,5
904,Matthew Sweeney,dwright@gmail.com,Asia,Male,52,Web,2025-01-20,1
905,Ashley Moreno,williamsjulie@mitchell.org,Asia,Male,41,Web,2024-04-16,2
906,Johnathan Brown,flopez@cook-rodriguez.com,Europe,Female,34,Web,2025-05-02,5
907,Michelle Davis DVM,michael59@jacobs.org,Europe,Other,22,Mobile,2024-11-11,5
908,Kelly Haynes,eatondavid@hotmail.com,Asia,Male,37,Mobile,2023-10-28,1
909,William Miller,willisrhonda@roth.com,Asia,Other,38,Mobile,2024-06-25,5
910,Casey Wilkins,kevin73@le.net,Europe,Male,57,Web,2025-04-02,5
911,Keith Graham,patricia71@yahoo.com,Asia,Male,48,Referral,2024-07-12,5
912,Cynthia Green,gbarnes@jackson.com,North America,Other,53,Referral,2024-10-07,2
913,Robert Haynes,sosabruce@hotmail.com,North America,Female,28,Mobile,2025-03-31,1
914,Emily Nelson,isimpson@mata.biz,Europe,Male,32,Mobile,2025-03-31,5
915,Dale Chan,nlawson@gmail.com,South America,Male,36,Referral,2024-04-19,5
916,Brittney Martin,ashleyvargas@suarez.info,Europe,Male,24,Referral,2024-03-05,2
917,Jason Herrera,melissa44@hotmail.com,Europe,Other,45,Mobile,2023-10-18,1
918,Christine Parker,jeffreyferguson@williams-hernandez.com,South America,Female,22,Mobile,2023-07-31,3
919,Bryan Moore,morgan03@nichols.com,South America,Other,22,Referral,2024-08-15,2
920,Samantha Terry,christopher84@hotmail.com,South America,Other,47,Web,2025-07-14,1
921,Russell Murphy,svillanueva@galloway-garrett.com,North America,Female,49,Mobile,2025-01-07,5
922,David Kelly,jessicaramirez@yahoo.com,Asia,Other,25,Referral,2023-11-16,1
923,Megan Green,sharphailey@scott.com,North America,Female,27,Referral,2024-07-21,1
924,Amanda Sullivan MD,markharris@hotmail.com,Asia,Male,55,Referral,2025-01-03,1
925,Danielle Murray,seanblair@yahoo.com,North America,Female,49,Referral,2023-11-18,3
926,Brenda Smith,racheldavis@gmail.com,Asia,Male,45,Web,2024-09-03,1
927,Vickie Anderson,lisathompson@hotmail.com,North America,Other,34,Referral,2024-03-06,3
928,Jacqueline Mccoy,deborahsmith@gmail.com,South America,Other,48,Mobile,2024-11-20,5
929,Lauren Green,mmcdaniel@thomas.com,Europe,Male,25,Web,2024-09-30,3
930,Alison Brown,hgarcia@gmail.com,North America,Other,57,Referral,2024-12-21,5
931,Jill Anderson,grayandrew@hines.com,Asia,Female,42,Web,2023-11-28,5
932,Sandra Rivera,kaylaadams@greene.com,South America,Male,26,Mobile,2024-03-16,3
933,Joel Jackson,harristimothy@hotmail.com,North America,Other,19,Referral,2024-08-06,2
934,Samantha Foster,kylemendoza@gmail.com,North America,Male,32,Mobile,2024-03-04,4
935,Michael Thompson,courtney10@garcia.com,South America,Female,20,Referral,2023-09-13,1
936,Cody Ramirez,aaronwalker@gmail.com,North America,Female,53,Referral,2025-04-06,4
937,Amanda Harvey,phernandez@yahoo.com,Europe,Other,21,Referral,2024-03-09,1
938,Edward Jenkins,tmcdaniel@vasquez.com,North America,Female,31,Referral,2023-08-06,1
939,Amy Ramirez,michael95@ward.com,Europe,Male,58,Referral,2024-07-11,5
940,Curtis Wilkerson,royrogers@shelton.com,Europe,Female,58,Web,2023-08-25,1
941,Lydia Pham,nancy47@hotmail.com,South America,Male,42,Referral,2024-01-09,1
942,Virginia Casey,lisa10@gmail.com,North America,Male,27,Referral,2024-02-29,3
943,Joshua Washington,dylan77@wilson.com,South America,Female,38,Web,2025-04-26,4
944,Kathryn Price,morrisdavid@gomez-snyder.info,North America,Other,53,Web,2024-10-27,3
945,Francis Robinson,devon36@yahoo.com,North America,Female,29,Web,2023-10-28,1
946,Paula Brown,opatel@yahoo.com,Asia,Male,44,Web,2023-09-04,5
947,Kendra Wang DVM,xrose@shepherd.com,North America,Male,57,Web,2024-08-07,3
948,Ariel Sandoval,victoriasmith@wells.com,South America,Female,19,Web,2024-03-18,3
949,Robert Stark,kenneththomas@hotmail.com,Europe,Other,30,Referral,2023-07-28,2
950,Zachary Robinson,jasonwalker@hotmail.com,North America,Other,49,Referral,2024-06-23,1
951,Rebecca Kelly,haydenjane@quinn-horton.biz,Asia,Male,48,Mobile,2024-04-23,5
952,Sarah Thompson,mileselizabeth@gmail.com,South America,Male,33,Referral,2024-12-18,3
953,Renee Wolfe,anthonydiaz@gmail.com,North America,Other,49,Referral,2025-05-02,3
954,Alyssa Haynes,smithmariah@hernandez-white.com,South America,Female,49,Web,2023-07-25,5
955,Kristy Hart,vjenkins@yahoo.com,Asia,Male,51,Web,2023-09-01,1
956,William Keith,daniel00@potter.biz,Asia,Male,28,Referral,2024-02-05,2
957,Eric Henry Jr.,samantha84@hotmail.com,South America,Other,27,Mobile,2023-11-08,3
958,Daniel Fox,rhuynh@boyd.com,North America,Female,32,Web,2024-04-22,2
959,Thomas Harris,robinsonisaiah@hotmail.com,Europe,Other,34,Referral,2025-06-06,4
960,Mitchell Sellers,pwoods@sullivan.com,Asia,Female,57,Referral,2024-03-01,1
961,Erica Johnson,josephgarcia@yahoo.com,North America,Female,35,Mobile,2025-03-25,4
962,Sylvia Schroeder,allenfrancisco@gmail.com,North America,Female,26,Mobile,2025-05-22,4
963,Shannon Yu,carlaavila@lopez-harris.com,Europe,Male,42,Web,2024-08-17,4
964,Tom Foster,christopher99@elliott.com,Asia,Other,57,Mobile,2024-12-22,1
965,Eric Taylor,christopher40@walton-benjamin.net,Asia,Other,31,Referral,2025-03-13,1
966,Travis Conner,karen52@leonard.net,North America,Female,42,Referral,2024-10-02,5
967,Marie Thompson,andrewflynn@willis-christian.com,North America,Male,39,Mobile,2023-11-22,2
968,Melissa Mcfarland,faithmiller@davis.com,Europe,Male,47,Mobile,2023-09-29,2
969,Courtney Chapman,seth25@ward-chase.biz,Europe,Other,37,Mobile,2025-01-28,5
970,Eric Barker,nallen@jones.info,Asia,Male,38,Mobile,2024-02-20,5
971,Nicholas Rush,thomasmonica@dillon.info,South America,Male,49,Web,2023-11-12,4
972,Jenna Gamble,sedwards@jones.com,Asia,Female,38,Mobile,2025-02-13,5
973,Amanda Guzman,jonesjennifer@yahoo.com,North America,Male,52,Web,2023-12-24,3
974,Tracy Walker,wgood@yahoo.com,Asia,Female,49,Referral,2024-06-24,2
975,Taylor Taylor,bonillatracy@trevino-morales.org,South America,Other,47,Mobile,2024-10-21,5
976,Cynthia Haas,nrichardson@brooks-fleming.net,Europe,Male,56,Web,2025-07-07,3
977,Stephen Davis,natalie09@hotmail.com,South America,Other,29,Mobile,2023-09-25,3
978,Margaret Tanner,hollycastro@farrell.biz,South America,Other,58,Referral,2024-03-06,3
979,Derek Wright,onash@sawyer-caldwell.com,South America,Male,35,Referral,2024-01-10,3
980,David Rodriguez,dday@gmail.com,Europe,Male,38,Referral,2023-08-18,4
981,James Oconnor,jessicalowery@tate-gonzalez.com,South America,Other,30,Mobile,2024-07-26,3
982,Stacey Snyder,matthew97@park.com,South America,Male,38,Mobile,2025-07-18,4
983,Joshua Garcia,jjohnson@yahoo.com,South America,Female,25,Web,2024-04-25,4
984,Sean Curtis,lukejohnson@schroeder.biz,North America,Female,57,Referral,2024-02-03,3
985,Carla Jones,brianparrish@hotmail.com,South America,Male,24,Mobile,2025-04-15,2
986,Elizabeth Flores,johnny21@gmail.com,Europe,Other,40,Referral,2025-01-02,3
987,Angela Jackson,richard47@warren-caldwell.com,South America,Male,49,Referral,2024-11-30,3
988,Nicholas Payne,davisrachel@richmond-phillips.com,South America,Male,28,Web,2024-05-20,3
989,Anna Wheeler,iolson@hotmail.com,Europe,Other,39,Web,2024-06-17,2
990,Karen Johnson,sgomez@price.org,South America,Other,39,Web,2024-05-30,1
991,Carmen Preston,sharpbeth@morris.com,Europe,Female,42,Web,2025-06-26,1
992,Brian Harris,peggypeck@lin-wilson.biz,South America,Other,39,Referral,2023-10-09,4
993,Michael Bowen,mcneilsherry@gmail.com,Europe,Female,45,Web,2025-06-17,4
994,Deborah Campbell,johnsonjulie@gmail.com,South America,Other,46,Web,2024-02-12,2
995,Anthony Armstrong,carolynrobinson@gmail.com,South America,Male,30,Web,2025-07-08,5
996,Brittany Ward,woodmichael@mosley-shaw.com,North America,Female,35,Web,2024-03-15,1
997,Edward Stanley,wgutierrez@yahoo.com,North America,Female,19,Referral,2024-10-30,4
998,Christina Johnson,daniel27@yahoo.com,South America,Female,46,Web,2024-03-22,1
999,Edgar Miller,angelamartin@yahoo.com,South America,Male,38,Referral,2023-12-06,2
1000,Elizabeth Sanders,megan64@hotmail.com,Asia,Male,32,Mobile,2024-10-04,2
